timestamp,price,market_cap,total_volume
2021-01-08,3.2198870182037354,0.0,206412154
2021-01-09,3.3853819370269775,0.0,91906875
2021-01-10,3.466110944747925,0.0,62766977
2021-01-11,3.1080899238586426,0.0,82877500
2021-01-12,3.6133980751037598,0.0,73484689
2021-01-13,3.513782024383545,0.0,57994893
2021-01-14,3.2781639099121094,0.0,59283112
2021-01-15,3.2501609325408936,0.0,45331739
2021-01-16,3.4470551013946533,0.0,68035606
2021-01-17,3.81813907623291,0.0,85407766
2021-01-18,3.7955150604248047,0.0,70601713
2021-01-19,3.6418659687042236,0.0,44547768
2021-01-20,3.7235779762268066,0.0,46698656
2021-01-21,2.9905359745025635,0.0,43834765
2021-01-22,3.346229076385498,0.0,63361382
2021-01-23,3.5041120052337646,0.0,27904470
2021-01-24,3.634411096572876,0.0,32747555
2021-01-25,3.6999809741973877,0.0,80055958
2021-01-26,4.04734992980957,0.0,78823456
2021-01-27,3.690587043762207,0.0,35195110
2021-01-28,3.8220720291137695,0.0,31410527
2021-01-29,3.8346760272979736,0.0,44053151
2021-01-30,4.224276065826416,0.0,53378198
2021-01-31,4.264143943786621,0.0,78376267
2021-02-01,4.611601829528809,0.0,39361629
2021-02-02,5.267508029937744,0.0,98755962
2021-02-03,5.71599006652832,0.0,49386327
2021-02-04,6.426064968109131,0.0,108249482
2021-02-05,6.681719779968262,0.0,92892157
2021-02-06,6.110806941986084,0.0,102365494
2021-02-07,6.700462818145752,0.0,105451103
2021-02-08,7.8832502365112305,0.0,155254261
2021-02-09,7.816792964935303,0.0,121037873
2021-02-10,9.072214126586914,0.0,120679902
2021-02-11,9.215352058410645,0.0,53600048
2021-02-12,9.2470121383667,0.0,91484664
2021-02-13,8.732455253601074,0.0,91417968
2021-02-14,8.738896369934082,0.0,93500423
2021-02-15,8.861739158630371,0.0,109854635
2021-02-16,8.297866821289062,0.0,71625205
2021-02-17,8.222577095031738,0.0,89948578
2021-02-18,8.980451583862305,0.0,77306770
2021-02-19,11.465653419494629,0.0,261175711
2021-02-20,10.002663612365723,0.0,140264810
2021-02-21,11.0855131149292,0.0,137742366
2021-02-22,14.454785346984863,0.0,574136241
2021-02-23,15.2015380859375,0.0,485252846
2021-02-24,17.30270767211914,0.0,375439707
2021-02-25,13.816014289855957,0.0,364505276
2021-02-26,13.58794116973877,0.0,289687328
2021-02-27,13.201168060302734,0.0,247640940
2021-02-28,13.08924674987793,0.0,300493226
2021-03-01,14.955588340759277,0.0,306451693
2021-03-02,13.958921432495117,0.0,178549852
2021-03-03,14.115591049194336,0.0,153830742
2021-03-04,13.097983360290527,0.0,116364466
2021-03-05,12.610443115234375,0.0,90978408
2021-03-06,13.036458015441895,0.0,118851546
2021-03-07,13.877732276916504,0.0,117548176
2021-03-08,13.602188110351562,0.0,115525659
2021-03-09,14.84631061553955,0.0,134867044
2021-03-10,14.231083869934082,0.0,103150901
2021-03-11,15.992279052734375,0.0,229272516
2021-03-12,14.552142143249512,0.0,185287457
2021-03-13,15.308802604675293,0.0,145102757
2021-03-14,14.50826644897461,0.0,90232804
2021-03-15,14.186661720275879,0.0,102600692
2021-03-16,13.622773170471191,0.0,112303590
2021-03-17,14.220203399658203,0.0,94696339
2021-03-18,14.230025291442871,0.0,79074263
2021-03-19,14.204795837402344,0.0,68715211
2021-03-20,14.211980819702148,0.0,68049683
2021-03-21,14.332205772399902,0.0,64229338
2021-03-22,14.919293403625488,0.0,260995136
2021-03-23,14.20483112335205,0.0,106780662
2021-03-24,13.661297798156738,0.0,118813690
2021-03-25,13.02508544921875,0.0,116277943
2021-03-26,14.779420852661133,0.0,149987319
2021-03-27,16.50832176208496,0.0,223872587
2021-03-28,18.016233444213867,0.0,426120062
2021-03-29,18.854808807373047,0.0,216748601
2021-03-30,19.233924865722656,0.0,264028427
2021-03-31,19.465229034423828,0.0,206011018
2021-04-01,19.084901809692383,0.0,173731886
2021-04-02,19.810222625732422,0.0,131061660
2021-04-03,22.552276611328125,0.0,483057740
2021-04-04,24.061323165893555,0.0,426557980
2021-04-05,22.984283447265625,0.0,264085329
2021-04-06,24.95714569091797,0.0,320886935
2021-04-07,26.47808074951172,0.0,676846221
2021-04-08,27.033987045288086,0.0,377988327
2021-04-09,27.778274536132812,0.0,282477938
2021-04-10,26.84140396118164,0.0,270235258
2021-04-11,27.9318904876709,0.0,232938762
2021-04-12,28.512123107910156,0.0,308804546
2021-04-13,27.4355525970459,0.0,258183912
2021-04-14,26.47511100769043,0.0,342565805
2021-04-15,27.818313598632812,0.0,221346739
2021-04-16,25.39736557006836,0.0,240665351
2021-04-17,25.09987449645996,0.0,201720376
2021-04-18,32.30291748046875,0.0,1155150688
2021-04-19,31.67589569091797,0.0,1219130981
2021-04-20,31.77005386352539,0.0,793008154
2021-04-21,32.51304244995117,0.0,729130141
2021-04-22,38.8797607421875,0.0,1638622971
2021-04-23,36.97842025756836,0.0,1612232268
2021-04-24,40.7373161315918,0.0,1101380795
2021-04-25,47.36762619018555,0.0,1583800800
2021-04-26,43.97651672363281,0.0,1357487872
2021-04-27,43.2390022277832,0.0,904891996
2021-04-28,44.825984954833984,0.0,1021154320
2021-04-29,42.460540771484375,0.0,772259307
2021-04-30,42.95600128173828,0.0,534976437
2021-05-01,49.50802230834961,0.0,859524423
2021-05-02,46.890987396240234,0.0,571072187
2021-05-03,45.93368911743164,0.0,609194252
2021-05-04,42.729557037353516,0.0,682976428
2021-05-05,44.92357635498047,0.0,503781975
2021-05-06,43.4556770324707,0.0,391497018
2021-05-07,43.1550178527832,0.0,514344601
2021-05-08,45.56153106689453,0.0,451056655
2021-05-09,44.330196380615234,0.0,510603312
2021-05-10,42.90963363647461,0.0,499528076
2021-05-11,44.57746887207031,0.0,473731333
2021-05-12,42.45730972290039,0.0,1151668076
2021-05-13,40.99785232543945,0.0,1016860656
2021-05-14,42.717864990234375,0.0,504167711
2021-05-15,43.461307525634766,0.0,500445722
2021-05-16,47.200828552246094,0.0,1990976771
2021-05-17,46.86320495605469,0.0,1951921366
2021-05-18,55.91096115112305,0.0,2025388219
2021-05-19,35.107181549072266,0.0,2772224999
2021-05-20,44.74274826049805,0.0,2487748626
2021-05-21,38.81285095214844,0.0,1769762028
2021-05-22,31.315582275390625,0.0,1078751751
2021-05-23,24.68874740600586,0.0,1925832341
2021-05-24,31.283571243286133,0.0,1346786023
2021-05-25,29.99707794189453,0.0,909470305
2021-05-26,35.539817810058594,0.0,1069991365
2021-05-27,33.584590911865234,0.0,649389058
2021-05-28,29.039276123046875,0.0,600255582
2021-05-29,27.376420974731445,0.0,376859866
2021-05-30,28.602659225463867,0.0,359661704
2021-05-31,32.816246032714844,0.0,534826504
2021-06-01,30.985260009765625,0.0,432053117
2021-06-02,33.95631790161133,0.0,497567418
2021-06-03,39.47090530395508,0.0,960056106
2021-06-04,37.415069580078125,0.0,1056279506
2021-06-05,39.58539962768555,0.0,1112426664
2021-06-06,42.30837631225586,0.0,794387364
2021-06-07,38.262332916259766,0.0,923157614
2021-06-08,41.51781463623047,0.0,1786996802
2021-06-09,42.031776428222656,0.0,1218831041
2021-06-10,41.09867477416992,0.0,595246689
2021-06-11,36.046085357666016,0.0,518666603
2021-06-12,36.441688537597656,0.0,549070417
2021-06-13,38.77043533325195,0.0,452988674
2021-06-14,38.71305465698242,0.0,477871463
2021-06-15,41.153648376464844,0.0,605285143
2021-06-16,39.703617095947266,0.0,576016902
2021-06-17,39.264591217041016,0.0,417775600
2021-06-18,36.64879608154297,0.0,424163369
2021-06-19,35.35343551635742,0.0,264640750
2021-06-20,35.32201385498047,0.0,452587531
2021-06-21,26.657400131225586,0.0,760344541
2021-06-22,26.7718563079834,0.0,1258580061
2021-06-23,30.048887252807617,0.0,1111302687
2021-06-24,31.181034088134766,0.0,641150364
2021-06-25,28.698862075805664,0.0,632052177
2021-06-26,29.712854385375977,0.0,560342710
2021-06-27,31.929391860961914,0.0,497353288
2021-06-28,32.92778015136719,0.0,473612135
2021-06-29,33.86680221557617,0.0,471854279
2021-06-30,35.55640411376953,0.0,570984168
2021-07-01,33.40403366088867,0.0,474665321
2021-07-02,34.02048110961914,0.0,440298780
2021-07-03,34.478816986083984,0.0,327019964
2021-07-04,34.31060028076172,0.0,303420520
2021-07-05,32.984588623046875,0.0,313839322
2021-07-06,34.26913833618164,0.0,365336040
2021-07-07,36.59136962890625,0.0,519252659
2021-07-08,33.20372772216797,0.0,498201257
2021-07-09,33.2646484375,0.0,327170629
2021-07-10,31.788644790649414,0.0,296566657
2021-07-11,32.17784118652344,0.0,211679810
2021-07-12,30.848087310791016,0.0,221058993
2021-07-13,29.12118911743164,0.0,197825362
2021-07-14,31.2810001373291,0.0,331866434
2021-07-15,28.45210075378418,0.0,329918376
2021-07-16,26.37000846862793,0.0,374718328
2021-07-17,26.721668243408203,0.0,289689475
2021-07-18,26.751909255981445,0.0,230336396
2021-07-19,24.44757652282715,0.0,361915410
2021-07-20,23.48955535888672,0.0,413439963
2021-07-21,26.623079299926758,0.0,555770206
2021-07-22,27.70208168029785,0.0,364666998
2021-07-23,28.513879776000977,0.0,407955237
2021-07-24,28.702619552612305,0.0,353750758
2021-07-25,28.168773651123047,0.0,309208018
2021-07-26,28.306642532348633,0.0,743673802
2021-07-27,28.065326690673828,0.0,375599550
2021-07-28,27.815410614013672,0.0,315682626
2021-07-29,31.281137466430664,0.0,448009571
2021-07-30,32.393943786621094,0.0,617830199
2021-07-31,36.82731246948242,0.0,587168181
2021-08-01,34.25436019897461,0.0,490639931
2021-08-02,33.22241973876953,0.0,407399691
2021-08-03,33.99644088745117,0.0,474629269
2021-08-04,35.76362609863281,0.0,413657602
2021-08-05,37.35513687133789,0.0,595137193
2021-08-06,39.446102142333984,0.0,589190671
2021-08-07,39.403472900390625,0.0,534979916
2021-08-08,37.673824310302734,0.0,358570315
2021-08-09,38.767784118652344,0.0,377034585
2021-08-10,40.63979721069336,0.0,452480699
2021-08-11,41.74411392211914,0.0,507980107
2021-08-12,41.099361419677734,0.0,527833804
2021-08-13,44.894500732421875,0.0,541894525
2021-08-14,44.112850189208984,0.0,363834257
2021-08-15,53.74515914916992,0.0,1448656564
2021-08-16,62.432464599609375,0.0,3799339365
2021-08-17,64.21070861816406,0.0,4043742154
2021-08-18,72.5433120727539,0.0,4507409622
2021-08-19,72.75760650634766,0.0,2467398203
2021-08-20,78.72461700439453,0.0,1844455899
2021-08-21,73.75621032714844,0.0,1513097171
2021-08-22,72.80391693115234,0.0,968933849
2021-08-23,75.70803833007812,0.0,1372134245
2021-08-24,70.67090606689453,0.0,2153611667
2021-08-25,71.95156860351562,0.0,1551240766
2021-08-26,75.31620788574219,0.0,2713050538
2021-08-27,88.08698272705078,0.0,3263988286
2021-08-28,96.70317077636719,0.0,2580080503
2021-08-29,94.46967315673828,0.0,1830344091
2021-08-30,110.54480743408203,0.0,5274104165
2021-08-31,108.48377227783203,0.0,7590894022
2021-09-01,111.03300476074219,0.0,3974443896
2021-09-02,128.10238647460938,0.0,5074399603
2021-09-03,146.5830535888672,0.0,7526373837
2021-09-04,139.11306762695312,0.0,3970422964
2021-09-05,142.0708770751953,0.0,2996918105
2021-09-06,164.38092041015625,0.0,5774090688
2021-09-07,173.14892578125,0.0,17068643416
2021-09-08,191.04139709472656,0.0,13187213606
2021-09-09,188.19580078125,0.0,12676272744
2021-09-10,179.865234375,0.0,7087524572
2021-09-11,178.8678741455078,0.0,5367389010
2021-09-12,174.53762817382812,0.0,3012633094
2021-09-13,169.26954650878906,0.0,6437530449
2021-09-14,158.09481811523438,0.0,5799758794
2021-09-15,159.1173858642578,0.0,3908939772
2021-09-16,152.47406005859375,0.0,3215168472
2021-09-17,147.5930633544922,0.0,4675731485
2021-09-18,169.18421936035156,0.0,5415012910
2021-09-19,152.51669311523438,0.0,3350530308
2021-09-20,132.13446044921875,0.0,5623667250
2021-09-21,123.95039367675781,0.0,5243953819
2021-09-22,147.92425537109375,0.0,4952222859
2021-09-23,149.75357055664062,0.0,3389212044
2021-09-24,139.39564514160156,0.0,3852350632
2021-09-25,136.17892456054688,0.0,2037106949
2021-09-26,135.69937133789062,0.0,2674182809
2021-09-27,136.72842407226562,0.0,2867246888
2021-09-28,131.53721618652344,0.0,2422542861
2021-09-29,135.35145568847656,0.0,2428105040
2021-09-30,141.0690460205078,0.0,2244376110
2021-10-01,161.682373046875,0.0,4387488320
2021-10-02,169.093017578125,0.0,3471658582
2021-10-03,172.5891571044922,0.0,3149579954
2021-10-04,166.73191833496094,0.0,3109040100
2021-10-05,164.11582946777344,0.0,2541087419
2021-10-06,154.1077423095703,0.0,3259712887
2021-10-07,154.28118896484375,0.0,2579187256
2021-10-08,158.94920349121094,0.0,2781848650
2021-10-09,156.82583618164062,0.0,1522023824
2021-10-10,148.0487060546875,0.0,1556965341
2021-10-11,144.85813903808594,0.0,1851795187
2021-10-12,152.73712158203125,0.0,2853992440
2021-10-13,148.17604064941406,0.0,2105226551
2021-10-14,149.75680541992188,0.0,1948101208
2021-10-15,162.59620666503906,0.0,3970589003
2021-10-16,157.538818359375,0.0,1531502795
2021-10-17,159.74380493164062,0.0,2168838138
2021-10-18,157.2312774658203,0.0,1698878759
2021-10-19,156.01702880859375,0.0,1400902548
2021-10-20,175.94686889648438,0.0,3315306825
2021-10-21,190.3184356689453,0.0,6865815461
2021-10-22,196.43153381347656,0.0,7486821306
2021-10-23,197.703857421875,0.0,3253670286
2021-10-24,202.3619842529297,0.0,3413057378
2021-10-25,210.1042938232422,0.0,4837376169
2021-10-26,199.8072509765625,0.0,3194205752
2021-10-27,183.77459716796875,0.0,4552692842
2021-10-28,194.86398315429688,0.0,3463958628
2021-10-29,200.18275451660156,0.0,2468703579
2021-10-30,195.4160614013672,0.0,1732207667
2021-10-31,202.4210205078125,0.0,2577364486
2021-11-01,203.5450897216797,0.0,3157612663
2021-11-02,220.23959350585938,0.0,3020087232
2021-11-03,242.89881896972656,0.0,6024951132
2021-11-04,247.3877716064453,0.0,4440296290
2021-11-05,236.47433471679688,0.0,2752870913
2021-11-06,258.934326171875,0.0,3869779683
2021-11-07,249.823486328125,0.0,2624869522
2021-11-08,248.46717834472656,0.0,3344410176
2021-11-09,239.213134765625,0.0,2819309492
2021-11-10,233.77952575683594,0.0,3873202098
2021-11-11,234.24075317382812,0.0,2693456862
2021-11-12,228.50209045410156,0.0,3022054714
2021-11-13,241.8250274658203,0.0,2322796265
2021-11-14,238.42552185058594,0.0,1705211600
2021-11-15,237.55360412597656,0.0,2414551003
2021-11-16,219.23902893066406,0.0,3557977024
2021-11-17,218.71524047851562,0.0,2982505239
2021-11-18,195.48741149902344,0.0,3911214658
2021-11-19,215.28001403808594,0.0,3431624914
2021-11-20,218.01527404785156,0.0,2003638941
2021-11-21,231.28262329101562,0.0,2636480460
2021-11-22,215.73727416992188,0.0,3254258844
2021-11-23,221.83689880371094,0.0,2328763768
2021-11-24,214.92153930664062,0.0,2293934142
2021-11-25,206.25299072265625,0.0,2586718627
2021-11-26,191.51174926757812,0.0,3380122748
2021-11-27,193.10215759277344,0.0,1443178833
2021-11-28,200.67665100097656,0.0,2033215941
2021-11-29,204.31936645507812,0.0,2110532147
2021-11-30,208.67098999023438,0.0,2888387657
2021-12-01,229.7992401123047,0.0,3532771294
2021-12-02,233.9930419921875,0.0,4074103518
2021-12-03,211.22439575195312,0.0,4061060881
2021-12-04,201.1248321533203,0.0,5949505665
2021-12-05,196.1682586669922,0.0,3402591975
2021-12-06,194.19921875,0.0,3693853028
2021-12-07,190.59690856933594,0.0,2556849839
2021-12-08,194.6217041015625,0.0,2277446203
2021-12-09,181.17808532714844,0.0,1968182104
2021-12-10,167.954833984375,0.0,2118266396
2021-12-11,171.94949340820312,0.0,1877844189
2021-12-12,173.43167114257812,0.0,1196808540
2021-12-13,155.2130584716797,0.0,2547597256
2021-12-14,153.34144592285156,0.0,2604045117
2021-12-15,178.34078979492188,0.0,3783787658
2021-12-16,176.9546661376953,0.0,2766320569
2021-12-17,175.5032958984375,0.0,2711688386
2021-12-18,182.8351287841797,0.0,1690397976
2021-12-19,180.09805297851562,0.0,1678714066
2021-12-20,173.67178344726562,0.0,1982986558
2021-12-21,180.09254455566406,0.0,1821107818
2021-12-22,178.5971221923828,0.0,1889229699
2021-12-23,190.03631591796875,0.0,2191634326
2021-12-24,190.273193359375,0.0,2286837232
2021-12-25,193.1209259033203,0.0,1443209769
2021-12-26,198.000732421875,0.0,1971114647
2021-12-27,195.42950439453125,0.0,1800094698
2021-12-28,177.42562866210938,0.0,2826063568
2021-12-29,170.65756225585938,0.0,2175731146
2021-12-30,172.75119018554688,0.0,1540637869
2021-12-31,170.299072265625,0.0,1567918820
2022-01-01,178.5179443359375,0.0,1084780603
2022-01-02,176.38284301757812,0.0,995389409
2022-01-03,170.29774475097656,0.0,1345778058
2022-01-04,167.93890380859375,0.0,1499265336
2022-01-05,155.0997314453125,0.0,2123759721
2022-01-06,150.4313507080078,0.0,2097172620
2022-01-07,136.40281677246094,0.0,2926269672
2022-01-08,142.51345825195312,0.0,2730000333
2022-01-09,140.83900451660156,0.0,1599123912
2022-01-10,135.95494079589844,0.0,2040883379
2022-01-11,140.18385314941406,0.0,1554197314
2022-01-12,151.70310974121094,0.0,2242337550
2022-01-13,146.01004028320312,0.0,2177023564
2022-01-14,146.15902709960938,0.0,1822320951
2022-01-15,147.80117797851562,0.0,1123271784
2022-01-16,147.8565216064453,0.0,1172854751
2022-01-17,139.92601013183594,0.0,1487772250
2022-01-18,141.58718872070312,0.0,1449435942
2022-01-19,135.79238891601562,0.0,1444663456
2022-01-20,127.20528411865234,0.0,984099352
2022-01-21,111.96605682373047,0.0,3771688473
2022-01-22,94.1783676147461,0.0,4039466376
2022-01-23,99.5782241821289,0.0,2548191912
2022-01-24,91.65016174316406,0.0,4664539688
2022-01-25,94.72035217285156,0.0,2842652332
2022-01-26,92.23804473876953,0.0,3177186515
2022-01-27,89.63249206542969,0.0,2513945822
2022-01-28,91.31289672851562,0.0,2156098049
2022-01-29,96.2234878540039,0.0,1727329992
2022-01-30,93.29767608642578,0.0,1110338981
2022-01-31,99.73883819580078,0.0,1888454241
2022-02-01,109.9789810180664,0.0,3568466349
2022-02-02,101.83760070800781,0.0,3297984784
2022-02-03,101.45903778076172,0.0,2618951519
2022-02-04,112.17424774169922,0.0,3121470028
2022-02-05,113.89430236816406,0.0,2337469324
2022-02-06,115.29975891113281,0.0,1488437091
2022-02-07,117.35514831542969,0.0,2501444983
2022-02-08,113.5954818725586,0.0,2670414753
2022-02-09,114.01937866210938,0.0,1844036035
2022-02-10,106.20280456542969,0.0,2534257400
2022-02-11,96.38188171386719,0.0,2244853464
2022-02-12,95.91820526123047,0.0,1722515979
2022-02-13,93.24410247802734,0.0,1150014559
2022-02-14,96.43327331542969,0.0,1787236369
2022-02-15,104.87330627441406,0.0,2134576044
2022-02-16,101.93289947509766,0.0,1908954820
2022-02-17,93.4104232788086,0.0,1872498133
2022-02-18,90.06546020507812,0.0,1669246812
2022-02-19,91.49665069580078,0.0,1084605729
2022-02-20,90.90141296386719,0.0,1912980153
2022-02-21,83.12316131591797,0.0,2892900595
2022-02-22,86.46538543701172,0.0,2046554018
2022-02-23,84.90278625488281,0.0,2293962445
2022-02-24,89.19474792480469,0.0,5253578948
2022-02-25,92.59882354736328,0.0,3069242551
2022-02-26,90.14156341552734,0.0,1721041901
2022-02-27,85.51905059814453,0.0,2012522473
2022-02-28,99.52034759521484,0.0,3457872746
2022-03-01,98.65355682373047,0.0,3225742519
2022-03-02,100.6496353149414,0.0,3800592927
2022-03-03,95.53919982910156,0.0,2309311748
2022-03-04,88.24597930908203,0.0,2592829728
2022-03-05,89.64784240722656,0.0,1437161887
2022-03-06,84.54218292236328,0.0,1467561782
2022-03-07,82.13006591796875,0.0,2375648176
2022-03-08,82.2547607421875,0.0,2112765959
2022-03-09,88.20206451416016,0.0,2624860794
2022-03-10,82.9390869140625,0.0,2196400279
2022-03-11,80.7449951171875,0.0,1852734626
2022-03-12,81.55381774902344,0.0,1036290480
2022-03-13,78.93607330322266,0.0,1316842580
2022-03-14,81.17333984375,0.0,1676601058
2022-03-15,82.95508575439453,0.0,1627848455
2022-03-16,87.90362548828125,0.0,2370877301
2022-03-17,87.87684631347656,0.0,2440062581
2022-03-18,89.82203674316406,0.0,2745357460
2022-03-19,92.41815185546875,0.0,1951674158
2022-03-20,88.61486053466797,0.0,1286133603
2022-03-21,88.7572021484375,0.0,1598537312
2022-03-22,90.51296997070312,0.0,1879747152
2022-03-23,95.1026840209961,0.0,2099467745
2022-03-24,102.22369384765625,0.0,3601646600
2022-03-25,98.6581039428711,0.0,2175497007
2022-03-26,101.7641830444336,0.0,1282869612
2022-03-27,107.08422088623047,0.0,1572329892
2022-03-28,106.46525573730469,0.0,2877146388
2022-03-29,111.71031188964844,0.0,3052274877
2022-03-30,120.6994857788086,0.0,3908170428
2022-03-31,122.66146087646484,0.0,4115229587
2022-04-01,134.43093872070312,0.0,4434807484
2022-04-02,132.19886779785156,0.0,3394186456
2022-04-03,136.77532958984375,0.0,2585967812
2022-04-04,132.41262817382812,0.0,2828117206
2022-04-05,126.86223602294922,0.0,2239922210
2022-04-06,112.88338470458984,0.0,3281009143
2022-04-07,118.79651641845703,0.0,2431083313
2022-04-08,109.8008804321289,0.0,2376864565
2022-04-09,112.97279357910156,0.0,1202250516
2022-04-10,111.74243927001953,0.0,1280232450
2022-04-11,99.33910369873047,0.0,2272498194
2022-04-12,103.30638885498047,0.0,2317008207
2022-04-13,105.00194549560547,0.0,1675840412
2022-04-14,100.70780181884766,0.0,1686576071
2022-04-15,101.30977630615234,0.0,1050639351
2022-04-16,102.25731658935547,0.0,774939305
2022-04-17,100.40969848632812,0.0,1057908299
2022-04-18,102.15853118896484,0.0,1846133932
2022-04-19,108.58203125,0.0,1711909607
2022-04-20,105.49700164794922,0.0,1761531528
2022-04-21,101.77613830566406,0.0,1838571747
2022-04-22,100.61205291748047,0.0,1274793594
2022-04-23,100.74443817138672,0.0,823252482
2022-04-24,99.23579406738281,0.0,818266008
2022-04-25,101.24763488769531,0.0,1538486689
2022-04-26,95.78215026855469,0.0,1301074534
2022-04-27,98.37886810302734,0.0,1253566599
2022-04-28,98.18572998046875,0.0,1307131609
2022-04-29,94.01134490966797,0.0,1234575023
2022-04-30,85.09593200683594,0.0,1293033765
2022-05-01,89.6715087890625,0.0,1426749080
2022-05-02,87.58101654052734,0.0,1265220129
2022-05-03,85.84237670898438,0.0,1011988792
2022-05-04,92.7708511352539,0.0,1428455342
2022-05-05,84.59602355957031,0.0,1805979399
2022-05-06,81.76410675048828,0.0,1585081920
2022-05-07,78.9834213256836,0.0,1139093165
2022-05-08,75.22018432617188,0.0,1439700868
2022-05-09,63.2696533203125,0.0,2773999164
2022-05-10,66.76615142822266,0.0,3677013066
2022-05-11,50.21084976196289,0.0,4432811558
2022-05-12,44.683589935302734,0.0,4471167155
2022-05-13,48.59355163574219,0.0,2854210432
2022-05-14,52.4172248840332,0.0,2042138537
2022-05-15,58.81126022338867,0.0,1843835578
2022-05-16,53.646461486816406,0.0,2067312217
2022-05-17,57.12562561035156,0.0,1823895389
2022-05-18,49.75621032714844,0.0,1745565671
2022-05-19,52.2139778137207,0.0,1958004386
2022-05-20,49.538509368896484,0.0,1830699507
2022-05-21,50.3179817199707,0.0,979492374
2022-05-22,52.75518035888672,0.0,1105760506
2022-05-23,49.05685043334961,0.0,1661669360
2022-05-24,49.65333557128906,0.0,1508166642
2022-05-25,47.982425689697266,0.0,1304580067
2022-05-26,43.4912109375,0.0,2208994514
2022-05-27,40.981346130371094,0.0,2256358026
2022-05-28,44.343162536621094,0.0,1254325884
2022-05-29,44.90961456298828,0.0,1317843243
2022-05-30,47.179443359375,0.0,1708817065
2022-05-31,45.76784133911133,0.0,1509191627
2022-06-01,40.26966857910156,0.0,1422647092
2022-06-02,40.8913459777832,0.0,1554022054
2022-06-03,38.259220123291016,0.0,1348656102
2022-06-04,38.93144607543945,0.0,1130762770
2022-06-05,38.480533599853516,0.0,998532387
2022-06-06,42.43313217163086,0.0,1955057411
2022-06-07,39.43757247924805,0.0,1974825213
2022-06-08,38.84336853027344,0.0,1211034282
2022-06-09,39.97260665893555,0.0,1265873005
2022-06-10,37.08976745605469,0.0,1177042406
2022-06-11,33.82111740112305,0.0,1086904917
2022-06-12,30.743270874023438,0.0,1430666510
2022-06-13,28.19236183166504,0.0,2577135234
2022-06-14,29.714618682861328,0.0,2317785256
2022-06-15,34.48794174194336,0.0,2574959860
2022-06-16,29.989742279052734,0.0,1908909523
2022-06-17,30.742919921875,0.0,1283536081
2022-06-18,31.80793571472168,0.0,1804420726
2022-06-19,34.24374771118164,0.0,2005402608
2022-06-20,35.4171142578125,0.0,1958378683
2022-06-21,36.121158599853516,0.0,1790090431
2022-06-22,34.12163543701172,0.0,1533123071
2022-06-23,38.17523193359375,0.0,1666479184
2022-06-24,42.2120475769043,0.0,1765927064
2022-06-25,42.33281326293945,0.0,1271293523
2022-06-26,39.40808868408203,0.0,1138724690
2022-06-27,38.45125198364258,0.0,1253389517
2022-06-28,35.326438903808594,0.0,1361946847
2022-06-29,33.8739013671875,0.0,1366803516
2022-06-30,33.588417053222656,0.0,1321861663
2022-07-01,32.803070068359375,0.0,1427407655
2022-07-02,33.35940933227539,0.0,765552187
2022-07-03,33.38593292236328,0.0,605659825
2022-07-04,36.785030364990234,0.0,1091202628
2022-07-05,35.39555358886719,0.0,1569156882
2022-07-06,37.07356262207031,0.0,1410588451
2022-07-07,38.518306732177734,0.0,1189167903
2022-07-08,38.286720275878906,0.0,1485794730
2022-07-09,38.07196044921875,0.0,789899204
2022-07-10,36.697608947753906,0.0,714119421
2022-07-11,33.463600158691406,0.0,930216020
2022-07-12,32.75759506225586,0.0,916386230
2022-07-13,34.91093826293945,0.0,1313110217
2022-07-14,37.10782241821289,0.0,1320137563
2022-07-15,37.41592788696289,0.0,1266226950
2022-07-16,39.57412338256836,0.0,1149921714
2022-07-17,38.64472198486328,0.0,1119935904
2022-07-18,43.746158599853516,0.0,1793335611
2022-07-19,44.89987564086914,0.0,2530289999
2022-07-20,42.09366989135742,0.0,2020822242
2022-07-21,43.19059371948242,0.0,1926399176
2022-07-22,40.61850357055664,0.0,1523873136
2022-07-23,40.040977478027344,0.0,1151436691
2022-07-24,41.00658416748047,0.0,1115260733
2022-07-25,36.711997985839844,0.0,1465847128
2022-07-26,36.190853118896484,0.0,1362323126
2022-07-27,40.3078498840332,0.0,1829226049
2022-07-28,42.84526824951172,0.0,2454901807
2022-07-29,41.926998138427734,0.0,2066610408
2022-07-30,43.755889892578125,0.0,1980341418
2022-07-31,42.400203704833984,0.0,1356657075
2022-08-01,41.78648376464844,0.0,1082119921
2022-08-02,39.7545051574707,0.0,1205226999
2022-08-03,38.54441833496094,0.0,2312325350
2022-08-04,38.83067321777344,0.0,1235137178
2022-08-05,40.561031341552734,0.0,1198859111
2022-08-06,40.0570068359375,0.0,650997770
2022-08-07,40.6055908203125,0.0,614104051
2022-08-08,42.17055130004883,0.0,1117550363
2022-08-09,40.372623443603516,0.0,895263875
2022-08-10,42.365867614746094,0.0,1389333742
2022-08-11,42.8217887878418,0.0,1735349568
2022-08-12,45.33475875854492,0.0,1128246063
2022-08-13,46.485347747802734,0.0,1416039040
2022-08-14,44.916568756103516,0.0,1061034922
2022-08-15,43.82322311401367,0.0,1364253429
2022-08-16,43.15880584716797,0.0,1131452045
2022-08-17,40.403053283691406,0.0,1336772691
2022-08-18,39.545230865478516,0.0,885648540
2022-08-19,35.8902587890625,0.0,1821467945
2022-08-20,35.26973342895508,0.0,1203622743
2022-08-21,36.533199310302734,0.0,982071275
2022-08-22,35.47438049316406,0.0,1139846770
2022-08-23,35.6462516784668,0.0,854779221
2022-08-24,34.957916259765625,0.0,946325778
2022-08-25,35.316463470458984,0.0,828503624
2022-08-26,31.726362228393555,0.0,1315871629
2022-08-27,31.54243278503418,0.0,764882265
2022-08-28,30.39228630065918,0.0,562501615
2022-08-29,32.46529769897461,0.0,891913484
2022-08-30,31.41205596923828,0.0,861409804
2022-08-31,31.47295570373535,0.0,769308937
2022-09-01,31.585678100585938,0.0,666487074
2022-09-02,31.227930068969727,0.0,659575995
2022-09-03,31.10948371887207,0.0,314531753
2022-09-04,32.106956481933594,0.0,392954663
2022-09-05,32.19464874267578,0.0,512588616
2022-09-06,30.891742706298828,0.0,1196204019
2022-09-07,32.71091842651367,0.0,779212909
2022-09-08,33.608646392822266,0.0,978070646
2022-09-09,34.73976516723633,0.0,1186140934
2022-09-10,35.12672805786133,0.0,731145106
2022-09-11,34.96596145629883,0.0,757216096
2022-09-12,37.4241828918457,0.0,1701399970
2022-09-13,33.430816650390625,0.0,1785181627
2022-09-14,34.09157180786133,0.0,1003604224
2022-09-15,33.04768371582031,0.0,1139377803
2022-09-16,32.208858489990234,0.0,765952525
2022-09-17,33.75077819824219,0.0,501302380
2022-09-18,31.05985450744629,0.0,694870049
2022-09-19,32.685302734375,0.0,971182780
2022-09-20,31.433040618896484,0.0,819978937
2022-09-21,30.826377868652344,0.0,1193686258
2022-09-22,32.408905029296875,0.0,833702543
2022-09-23,33.6766357421875,0.0,982495447
2022-09-24,33.462650299072266,0.0,872691785
2022-09-25,32.33536148071289,0.0,610529879
2022-09-26,33.88055419921875,0.0,936313674
2022-09-27,32.75012969970703,0.0,1223724195
2022-09-28,33.23543930053711,0.0,998520503
2022-09-29,33.952449798583984,0.0,951223921
2022-09-30,33.21244430541992,0.0,1210784941
2022-10-01,32.46939468383789,0.0,572976679
2022-10-02,32.05569839477539,0.0,532211084
2022-10-03,32.967620849609375,0.0,633204077
2022-10-04,34.12247085571289,0.0,717157069
2022-10-05,34.073883056640625,0.0,655950188
2022-10-06,33.34281921386719,0.0,712289836
2022-10-07,33.00146484375,0.0,649212486
2022-10-08,32.57793426513672,0.0,367021196
2022-10-09,32.913883209228516,0.0,405849928
2022-10-10,31.970834732055664,0.0,640691958
2022-10-11,30.77686882019043,0.0,733071932
2022-10-12,31.165485382080078,0.0,490127096
2022-10-13,30.544519424438477,0.0,1302451856
2022-10-14,30.007417678833008,0.0,836283411
2022-10-15,29.575347900390625,0.0,547825492
2022-10-16,30.168840408325195,0.0,608389719
2022-10-17,31.224876403808594,0.0,658840500
2022-10-18,30.164331436157227,0.0,715092973
2022-10-19,28.900798797607422,0.0,697269954
2022-10-20,28.08509635925293,0.0,803871622
2022-10-21,28.10867691040039,0.0,967208274
2022-10-22,28.01386260986328,0.0,474234383
2022-10-23,29.270071029663086,0.0,633157057
2022-10-24,28.3100643157959,0.0,667625312
2022-10-25,30.93997573852539,0.0,1336242036
2022-10-26,31.28472137451172,0.0,1250974763
2022-10-27,30.630624771118164,0.0,1275994871
2022-10-28,32.111263275146484,0.0,1063403956
2022-10-29,32.85712814331055,0.0,1165931963
2022-10-30,32.9659309387207,0.0,731319297
2022-10-31,32.61103820800781,0.0,1174404933
2022-11-01,32.2484245300293,0.0,729292793
2022-11-02,30.788076400756836,0.0,1166999748
2022-11-03,30.84387969970703,0.0,832207929
2022-11-04,33.780853271484375,0.0,1364403572
2022-11-05,36.76576232910156,0.0,2470595904
2022-11-06,32.6835823059082,0.0,1650006613
2022-11-07,29.60134506225586,0.0,2545092967
2022-11-08,24.152936935424805,0.0,6120104231
2022-11-09,13.94085693359375,0.0,4647808136
2022-11-10,17.681407928466797,0.0,4084381465
2022-11-11,16.326745986938477,0.0,2191908978
2022-11-12,14.53900146484375,0.0,866923655
2022-11-13,13.164528846740723,0.0,880792311
2022-11-14,14.00135612487793,0.0,1365413449
2022-11-15,14.301294326782227,0.0,833458645
2022-11-16,14.285508155822754,0.0,487495993
2022-11-17,13.638734817504883,0.0,673219780
2022-11-18,13.247496604919434,0.0,357193046
2022-11-19,12.851014137268066,0.0,314294255
2022-11-20,12.252833366394043,0.0,508411732
2022-11-21,11.846208572387695,0.0,504498729
2022-11-22,12.435625076293945,0.0,529418278
2022-11-23,14.35151195526123,0.0,859905329
2022-11-24,14.582350730895996,0.0,620159372
2022-11-25,14.063138008117676,0.0,323667943
2022-11-26,14.159193992614746,0.0,333271818
2022-11-27,14.115766525268555,0.0,225035409
2022-11-28,13.404518127441406,0.0,447463511
2022-11-29,13.369733810424805,0.0,265372933
2022-11-30,14.115445137023926,0.0,331594403
2022-12-01,13.480968475341797,0.0,232200065
2022-12-02,13.7156400680542,0.0,245049936
2022-12-03,13.302457809448242,0.0,161314094
2022-12-04,13.718218803405762,0.0,141802483
2022-12-05,13.8311128616333,0.0,335440747
2022-12-06,14.288854598999023,0.0,279979830
2022-12-07,13.5196533203125,0.0,223134812
2022-12-08,13.68922233581543,0.0,195918913
2022-12-09,13.580187797546387,0.0,211833041
2022-12-10,13.576995849609375,0.0,109293691
2022-12-11,13.427809715270996,0.0,117436002
2022-12-12,13.318544387817383,0.0,205298705
2022-12-13,13.833986282348633,0.0,315949878
2022-12-14,14.140525817871094,0.0,441479811
2022-12-15,14.02151107788086,0.0,272679087
2022-12-16,12.266606330871582,0.0,358747840
2022-12-17,12.504404067993164,0.0,222801055
2022-12-18,12.41312026977539,0.0,110722042
2022-12-19,11.932655334472656,0.0,206060595
2022-12-20,12.28051471710205,0.0,177388342
2022-12-21,12.128985404968262,0.0,167974882
2022-12-22,11.794829368591309,0.0,181200151
2022-12-23,11.786166191101074,0.0,157181374
2022-12-24,11.444275856018066,0.0,202780776
2022-12-25,11.387903213500977,0.0,105389060
2022-12-26,11.306611061096191,0.0,132410401
2022-12-27,11.085430145263672,0.0,223332961
2022-12-28,9.755906105041504,0.0,468728777
2022-12-29,9.651782989501953,0.0,772500177
2022-12-30,9.880176544189453,0.0,837030648
2022-12-31,9.961038589477539,0.0,285758573
2023-01-01,9.982172966003418,0.0,194221164
2023-01-02,11.272967338562012,0.0,558570124
2023-01-03,13.344045639038086,0.0,1149255381
2023-01-04,13.435112953186035,0.0,1142852070
2023-01-05,13.419329643249512,0.0,564255825
2023-01-06,13.52584171295166,0.0,517147909
2023-01-07,13.092267990112305,0.0,210349250
2023-01-08,14.31993293762207,0.0,535020165
2023-01-09,16.30246353149414,0.0,2029272608
2023-01-10,16.19672393798828,0.0,833408341
2023-01-11,16.35941505432129,0.0,630606082
2023-01-12,16.619043350219727,0.0,884719784
2023-01-13,18.28844451904297,0.0,1037251176
2023-01-14,24.24945831298828,0.0,3399684035
2023-01-15,22.873306274414062,0.0,1661787281
2023-01-16,23.577564239501953,0.0,1596086615
2023-01-17,22.884063720703125,0.0,926501252
2023-01-18,20.85063362121582,0.0,1427677518
2023-01-19,21.42676544189453,0.0,799641392
2023-01-20,25.54827117919922,0.0,1419157455
2023-01-21,24.627838134765625,0.0,1948796870
2023-01-22,24.232789993286133,0.0,1029738787
2023-01-23,24.357807159423828,0.0,874649827
2023-01-24,22.795673370361328,0.0,837211317
2023-01-25,24.57144546508789,0.0,1166026842
2023-01-26,24.350696563720703,0.0,809826004
2023-01-27,24.40785789489746,0.0,682926581
2023-01-28,23.981801986694336,0.0,489857934
2023-01-29,26.132387161254883,0.0,1131621628
2023-01-30,23.946321487426758,0.0,1084170329
2023-01-31,23.952547073364258,0.0,617019880
2023-02-01,24.993358612060547,0.0,984317489
2023-02-02,24.265058517456055,0.0,1017290364
2023-02-03,24.680896759033203,0.0,643813200
2023-02-04,24.317745208740234,0.0,321758043
2023-02-05,23.493438720703125,0.0,578466008
2023-02-06,22.706388473510742,0.0,449884793
2023-02-07,23.861356735229492,0.0,625438600
2023-02-08,23.192670822143555,0.0,534148944
2023-02-09,20.45212745666504,0.0,797436250
2023-02-10,20.130109786987305,0.0,654189930
2023-02-11,20.830095291137695,0.0,267159267
2023-02-12,21.489978790283203,0.0,532943787
2023-02-13,20.79010009765625,0.0,693292656
2023-02-14,21.824953079223633,0.0,865868623
2023-02-15,23.883901596069336,0.0,747616299
2023-02-16,22.285951614379883,0.0,885086333
2023-02-17,23.166757583618164,0.0,580803415
2023-02-18,23.478591918945312,0.0,370892073
2023-02-19,24.84075164794922,0.0,993875671
2023-02-20,26.181386947631836,0.0,1459545676
2023-02-21,24.948558807373047,0.0,925847245
2023-02-22,24.18134880065918,0.0,892548647
2023-02-23,23.900800704956055,0.0,579213279
2023-02-24,23.053035736083984,0.0,612377428
2023-02-25,22.523399353027344,0.0,547286025
2023-02-26,23.256088256835938,0.0,370371591
2023-02-27,22.692588806152344,0.0,475987023
2023-02-28,21.9163875579834,0.0,351065863
2023-03-01,22.506431579589844,0.0,346532018
2023-03-02,21.984878540039062,0.0,322545445
2023-03-03,21.39935302734375,0.0,489228523
2023-03-04,20.966838836669922,0.0,249364880
2023-03-05,20.97858428955078,0.0,278729462
2023-03-06,20.635011672973633,0.0,318022843
2023-03-07,20.244731903076172,0.0,394901279
2023-03-08,18.421194076538086,0.0,620543521
2023-03-09,17.308147430419922,0.0,754162560
2023-03-10,18.243642807006836,0.0,944032048
2023-03-11,18.22584342956543,0.0,696894876
2023-03-12,20.310531616210938,0.0,666940879
2023-03-13,20.433712005615234,0.0,1161164364
2023-03-14,20.92803382873535,0.0,1130224251
2023-03-15,19.29098129272461,0.0,816614774
2023-03-16,19.73054313659668,0.0,438673097
2023-03-17,21.62910270690918,0.0,623518286
2023-03-18,21.19590187072754,0.0,789771840
2023-03-19,21.90340232849121,0.0,475166077
2023-03-20,22.176464080810547,0.0,1147250538
2023-03-21,22.618267059326172,0.0,745081556
2023-03-22,21.480485916137695,0.0,851680842
2023-03-23,22.216777801513672,0.0,555730954
2023-03-24,20.678855895996094,0.0,547225198
2023-03-25,20.446645736694336,0.0,272949711
2023-03-26,20.97551918029785,0.0,226663968
2023-03-27,19.921674728393555,0.0,359607077
2023-03-28,20.4706974029541,0.0,347656506
2023-03-29,21.111467361450195,0.0,378726667
2023-03-30,20.55104637145996,0.0,472449267
2023-03-31,21.170495986938477,0.0,352864960
2023-04-01,20.97564125061035,0.0,209186327
2023-04-02,20.536975860595703,0.0,229561591
2023-04-03,20.443050384521484,0.0,437266506
2023-04-04,20.924619674682617,0.0,305630170
2023-04-05,20.966007232666016,0.0,324885702
2023-04-06,20.61012840270996,0.0,222557225
2023-04-07,20.469940185546875,0.0,171660856
2023-04-08,20.036449432373047,0.0,194413927
2023-04-09,20.29946517944336,0.0,152580905
2023-04-10,20.882356643676758,0.0,224169192
2023-04-11,23.018827438354492,0.0,1083533914
2023-04-12,23.985305786132812,0.0,1204250258
2023-04-13,24.432308197021484,0.0,792335438
2023-04-14,24.772722244262695,0.0,859037933
2023-04-15,24.079378128051758,0.0,379745930
2023-04-16,25.361927032470703,0.0,466841333
2023-04-17,24.55884552001953,0.0,789077237
2023-04-18,24.852689743041992,0.0,487693856
2023-04-19,22.71283531188965,0.0,836873906
2023-04-20,22.181440353393555,0.0,658826580
2023-04-21,21.278135299682617,0.0,489546774
2023-04-22,21.816287994384766,0.0,246809009
2023-04-23,21.480138778686523,0.0,314447869
2023-04-24,21.391069412231445,0.0,358681450
2023-04-25,21.92725372314453,0.0,367752382
2023-04-26,21.28301239013672,0.0,690088236
2023-04-27,22.34011459350586,0.0,509745191
2023-04-28,23.366287231445312,0.0,511781472
2023-04-29,23.18299674987793,0.0,369964075
2023-04-30,22.832014083862305,0.0,368042267
2023-05-01,21.98663330078125,0.0,438350469
2023-05-02,22.264978408813477,0.0,296722866
2023-05-03,22.218002319335938,0.0,445797367
2023-05-04,21.730348587036133,0.0,291826693
2023-05-05,22.82611083984375,0.0,423211212
2023-05-06,21.974262237548828,0.0,351934449
2023-05-07,21.844228744506836,0.0,303626005
2023-05-08,20.65746307373047,0.0,553548056
2023-05-09,20.683645248413086,0.0,272780907
2023-05-10,20.953710556030273,0.0,490700208
2023-05-11,20.234880447387695,0.0,376535594
2023-05-12,20.911794662475586,0.0,362726295
2023-05-13,20.86876106262207,0.0,224618367
2023-05-14,20.953397750854492,0.0,184522451
2023-05-15,21.00718879699707,0.0,307353987
2023-05-16,20.679420471191406,0.0,279283146
2023-05-17,21.06839942932129,0.0,279742763
2023-05-18,20.348695755004883,0.0,293327002
2023-05-19,20.349870681762695,0.0,149073606
2023-05-20,20.285446166992188,0.0,121021517
2023-05-21,19.609437942504883,0.0,210641913
2023-05-22,19.54204559326172,0.0,216922971
2023-05-23,20.043182373046875,0.0,258761187
2023-05-24,19.223663330078125,0.0,297840141
2023-05-25,19.260662078857422,0.0,194537149
2023-05-26,19.36695671081543,0.0,140228468
2023-05-27,20.425233840942383,0.0,179682882
2023-05-28,20.7985782623291,0.0,291460886
2023-05-29,20.586509704589844,0.0,228295637
2023-05-30,21.25408363342285,0.0,367512387
2023-05-31,20.82450294494629,0.0,246152341
2023-06-01,20.50221824645996,0.0,209047110
2023-06-02,21.25759506225586,0.0,237609887
2023-06-03,21.15556526184082,0.0,144933830
2023-06-04,21.8189754486084,0.0,317802167
2023-06-05,20.07505989074707,0.0,594214946
2023-06-06,20.398483276367188,0.0,441408235
2023-06-07,18.6342830657959,0.0,390444801
2023-06-08,18.909475326538086,0.0,258460307
2023-06-09,17.37969970703125,0.0,463344687
2023-06-10,15.65610122680664,0.0,1230339924
2023-06-11,15.558775901794434,0.0,446176848
2023-06-12,15.196707725524902,0.0,384209938
2023-06-13,15.018193244934082,0.0,363876713
2023-06-14,14.486572265625,0.0,296502336
2023-06-15,14.759472846984863,0.0,329864409
2023-06-16,15.30825424194336,0.0,232544705
2023-06-17,15.650521278381348,0.0,206436912
2023-06-18,15.43823528289795,0.0,141612316
2023-06-19,16.073041915893555,0.0,163949883
2023-06-20,16.635231018066406,0.0,265787114
2023-06-21,17.25704574584961,0.0,357788986
2023-06-22,16.642620086669922,0.0,299233520
2023-06-23,17.149534225463867,0.0,386994632
2023-06-24,16.652862548828125,0.0,260480952
2023-06-25,16.97138023376465,0.0,252839095
2023-06-26,16.27002716064453,0.0,275948459
2023-06-27,16.61964988708496,0.0,259041273
2023-06-28,15.98684310913086,0.0,327399744
2023-06-29,17.970457077026367,0.0,737633196
2023-06-30,18.897321701049805,0.0,1120379648
2023-07-01,18.683902740478516,0.0,349552752
2023-07-02,19.453594207763672,0.0,497231250
2023-07-03,19.240537643432617,0.0,324227812
2023-07-04,19.14322853088379,0.0,345225951
2023-07-05,18.99286460876465,0.0,260416081
2023-07-06,19.729385375976562,0.0,903770571
2023-07-07,21.484664916992188,0.0,988591308
2023-07-08,21.859268188476562,0.0,693929963
2023-07-09,21.3490047454834,0.0,405174806
2023-07-10,21.31377601623535,0.0,543191863
2023-07-11,22.092933654785156,0.0,453810523
2023-07-12,21.977602005004883,0.0,541605988
2023-07-13,26.02569580078125,0.0,1527996472
2023-07-14,26.7357177734375,0.0,2184090884
2023-07-15,27.391355514526367,0.0,1323279744
2023-07-16,27.384082794189453,0.0,753056132
2023-07-17,26.872766494750977,0.0,970813262
2023-07-18,25.544504165649414,0.0,696782373
2023-07-19,26.372352600097656,0.0,603189951
2023-07-20,25.375167846679688,0.0,606255421
2023-07-21,25.544267654418945,0.0,410907584
2023-07-22,24.535053253173828,0.0,335432006
2023-07-23,24.766815185546875,0.0,330741258
2023-07-24,23.38149070739746,0.0,492344649
2023-07-25,23.279321670532227,0.0,346742173
2023-07-26,25.177053451538086,0.0,688135176
2023-07-27,25.099336624145508,0.0,514211484
2023-07-28,24.84685707092285,0.0,374045446
2023-07-29,25.168973922729492,0.0,265061245
2023-07-30,24.261018753051758,0.0,365262222
2023-07-31,23.720956802368164,0.0,376948332
2023-08-01,23.99875259399414,0.0,428254164
2023-08-02,23.145721435546875,0.0,393185796
2023-08-03,22.636049270629883,0.0,365983702
2023-08-04,22.79361915588379,0.0,382245804
2023-08-05,22.632204055786133,0.0,250613466
2023-08-06,23.18569564819336,0.0,320595154
2023-08-07,23.068756103515625,0.0,353804981
2023-08-08,24.211763381958008,0.0,495649796
2023-08-09,24.37852668762207,0.0,447009018
2023-08-10,24.613052368164062,0.0,339616018
2023-08-11,24.582860946655273,0.0,314045619
2023-08-12,24.90673065185547,0.0,253389584
2023-08-13,24.24288558959961,0.0,263449955
2023-08-14,25.142822265625,0.0,359715099
2023-08-15,23.89658546447754,0.0,424193111
2023-08-16,22.811975479125977,0.0,441171937
2023-08-17,21.70997428894043,0.0,620931325
2023-08-18,21.335493087768555,0.0,411279768
2023-08-19,21.879037857055664,0.0,244048976
2023-08-20,21.77327537536621,0.0,198853112
2023-08-21,21.20825958251953,0.0,339125910
2023-08-22,20.546541213989258,0.0,381594696
2023-08-23,21.703624725341797,0.0,404686524
2023-08-24,21.033031463623047,0.0,328472951
2023-08-25,20.392719268798828,0.0,278312420
2023-08-26,20.280424118041992,0.0,144065112
2023-08-27,20.78683853149414,0.0,177496132
2023-08-28,20.557100296020508,0.0,200600033
2023-08-29,21.780763626098633,0.0,469679540
2023-08-30,20.834903717041016,0.0,292322455
2023-08-31,19.735092163085938,0.0,343649256
2023-09-01,19.327844619750977,0.0,286842939
2023-09-02,19.493743896484375,0.0,200858690
2023-09-03,19.578746795654297,0.0,164570332
2023-09-04,19.499408721923828,0.0,220024399
2023-09-05,20.272384643554688,0.0,387328289
2023-09-06,19.62002944946289,0.0,313630984
2023-09-07,19.890499114990234,0.0,242438252
2023-09-08,19.599044799804688,0.0,219114497
2023-09-09,19.44607162475586,0.0,101925453
2023-09-10,18.248830795288086,0.0,520683204
2023-09-11,17.739166259765625,0.0,380225621
2023-09-12,17.929826736450195,0.0,361388393
2023-09-13,18.402999877929688,0.0,356729875
2023-09-14,18.838306427001953,0.0,349380172
2023-09-15,19.16884422302246,0.0,205202282
2023-09-16,19.140369415283203,0.0,146477836
2023-09-17,18.831628799438477,0.0,112594680
2023-09-18,19.657245635986328,0.0,316245106
2023-09-19,20.03618812561035,0.0,253895801
2023-09-20,20.3049373626709,0.0,233206126
2023-09-21,19.47907066345215,0.0,253809695
2023-09-22,19.43814468383789,0.0,170874161
2023-09-23,19.47390365600586,0.0,97379053
2023-09-24,19.374290466308594,0.0,115380619
2023-09-25,19.40414047241211,0.0,163848456
2023-09-26,19.023286819458008,0.0,170201883
2023-09-27,19.130022048950195,0.0,210385139
2023-09-28,19.957616806030273,0.0,225954938
2023-09-29,20.300655364990234,0.0,219571069
2023-09-30,21.3951473236084,0.0,328987954
2023-10-01,23.83648681640625,0.0,637123111
2023-10-02,23.371700286865234,0.0,658084028
2023-10-03,23.55269432067871,0.0,653491878
2023-10-04,23.144786834716797,0.0,429268875
2023-10-05,22.694141387939453,0.0,361288781
2023-10-06,23.424453735351562,0.0,402665506
2023-10-07,23.287302017211914,0.0,278403509
2023-10-08,23.24642562866211,0.0,190670414
2023-10-09,22.118396759033203,0.0,356967743
2023-10-10,22.10511589050293,0.0,241087146
2023-10-11,22.00741958618164,0.0,278925381
2023-10-12,21.300268173217773,0.0,283320977
2023-10-13,21.834917068481445,0.0,269268807
2023-10-14,22.01171875,0.0,174004594
2023-10-15,21.922027587890625,0.0,178940996
2023-10-16,23.98295783996582,0.0,726713710
2023-10-17,23.959318161010742,0.0,520830665
2023-10-18,23.432138442993164,0.0,362606644
2023-10-19,24.93791961669922,0.0,663249208
2023-10-20,27.033674240112305,0.0,910991447
2023-10-21,29.386228561401367,0.0,1160814433
2023-10-22,29.03668212890625,0.0,665340924
2023-10-23,31.850984573364258,0.0,1581590969
2023-10-24,30.15153694152832,0.0,1450364573
2023-10-25,32.46306610107422,0.0,1458706203
2023-10-26,32.77549362182617,0.0,1015617285
2023-10-27,31.73969841003418,0.0,870812666
2023-10-28,31.653318405151367,0.0,380462073
2023-10-29,32.822608947753906,0.0,507672244
2023-10-30,34.962337493896484,0.0,1099930941
2023-10-31,38.51951599121094,0.0,1577034191
2023-11-01,41.461544036865234,0.0,3630725002
2023-11-02,40.20756912231445,0.0,2583692673
2023-11-03,39.51976013183594,0.0,1755955299
2023-11-04,42.346595764160156,0.0,1454107898
2023-11-05,41.23860168457031,0.0,884855278
2023-11-06,42.12858963012695,0.0,1010459088
2023-11-07,43.09254455566406,0.0,1780187159
2023-11-08,43.18988800048828,0.0,1009177437
2023-11-09,45.444828033447266,0.0,2830770419
2023-11-10,56.64385223388672,0.0,3795204638
2023-11-11,56.1026611328125,0.0,4182963132
2023-11-12,56.15409851074219,0.0,2987356952
2023-11-13,51.90705108642578,0.0,2942685126
2023-11-14,56.838375091552734,0.0,3195616616
2023-11-15,65.5344009399414,0.0,3793937162
2023-11-16,57.871402740478516,0.0,3922608772
2023-11-17,58.41593551635742,0.0,3185454735
2023-11-18,58.512725830078125,0.0,1942321169
2023-11-19,61.393558502197266,0.0,1998656461
2023-11-20,56.53383255004883,0.0,1937313546
2023-11-21,52.00047302246094,0.0,2440890238
2023-11-22,57.588558197021484,0.0,1985653842
2023-11-23,56.599369049072266,0.0,1379316733
2023-11-24,56.86643981933594,0.0,1146346831
2023-11-25,58.84648895263672,0.0,1183793273
2023-11-26,57.6427001953125,0.0,871154750
2023-11-27,55.06462097167969,0.0,1237763215
2023-11-28,58.19437026977539,0.0,1412314015
2023-11-29,59.25012969970703,0.0,1941361674
2023-11-30,59.24162292480469,0.0,1263841021
2023-12-01,59.80399703979492,0.0,1376669760
2023-12-02,63.83285903930664,0.0,1346327049
2023-12-03,63.03996658325195,0.0,1368876645
2023-12-04,61.526615142822266,0.0,2211865569
2023-12-05,60.99483108520508,0.0,1693517649
2023-12-06,61.902957916259766,0.0,3030993886
2023-12-07,67.83782958984375,0.0,3002455075
2023-12-08,75.00243377685547,0.0,3612712432
2023-12-09,72.25760650634766,0.0,2893248364
2023-12-10,74.70588684082031,0.0,1849363354
2023-12-11,70.36717224121094,0.0,3729540309
2023-12-12,68.54067993164062,0.0,2366453484
2023-12-13,70.76778411865234,0.0,2414610075
2023-12-14,75.62033081054688,0.0,2464938440
2023-12-15,72.36898803710938,0.0,2821390652
2023-12-16,73.47350311279297,0.0,1781972898
2023-12-17,71.00051879882812,0.0,1552380672
2023-12-18,74.34716033935547,0.0,2281865174
2023-12-19,72.9897689819336,0.0,1900875405
2023-12-20,82.19123077392578,0.0,3745738278
2023-12-21,93.85481262207031,0.0,4711493441
2023-12-22,98.00369262695312,0.0,5284203995
2023-12-23,107.59423065185547,0.0,3957434568
2023-12-24,112.48521423339844,0.0,6365529251
2023-12-25,121.1464614868164,0.0,5951791518
2023-12-26,112.6767349243164,0.0,6117657160
2023-12-27,107.02379608154297,0.0,4267938569
2023-12-28,102.10456848144531,0.0,4492625126
2023-12-29,106.31151580810547,0.0,4445797973
2023-12-30,101.84508514404297,0.0,1863177830
2023-12-31,101.50582122802734,0.0,1748630533
2024-01-01,109.50868225097656,0.0,2157671990
2024-01-02,106.61122131347656,0.0,3782057553
2024-01-03,98.59443664550781,0.0,5472216595
2024-01-04,105.0775375366211,0.0,3272723247
2024-01-05,99.97879028320312,0.0,3022127826
2024-01-06,93.85771942138672,0.0,2235902092
2024-01-07,89.2763442993164,0.0,2288061692
2024-01-08,97.79044342041016,0.0,4152448360
2024-01-09,99.40918731689453,0.0,4070131683
2024-01-10,102.03302001953125,0.0,4216429514
2024-01-11,99.90943908691406,0.0,4174026719
2024-01-12,91.72090911865234,0.0,2868799888
2024-01-13,95.73004913330078,0.0,1880329065
2024-01-14,94.13314056396484,0.0,2736734725
2024-01-15,94.49022674560547,0.0,1755858499
2024-01-16,97.62691497802734,0.0,1806576879
2024-01-17,102.0635986328125,0.0,3220344763
2024-01-18,94.2509536743164,0.0,2684524713
2024-01-19,93.38616943359375,0.0,2631067383
2024-01-20,92.56983947753906,0.0,1204443546
2024-01-21,90.84843444824219,0.0,894963197
2024-01-22,83.62281036376953,0.0,2662287481
2024-01-23,84.27450561523438,0.0,2990436327
2024-01-24,88.73200988769531,0.0,2352477736
2024-01-25,86.88921356201172,0.0,1674093024
2024-01-26,92.44236755371094,0.0,2027305107
2024-01-27,94.16321563720703,0.0,1256585307
2024-01-28,95.93798065185547,0.0,2425625612
2024-01-29,101.56666564941406,0.0,2604890575
2024-01-30,101.47297668457031,0.0,3328090833
2024-01-31,97.0287094116211,0.0,3814467068
2024-02-01,97.84669494628906,0.0,2951395444
2024-02-02,100.44052124023438,0.0,2574044077
2024-02-03,97.8799819946289,0.0,1349320819
2024-02-04,95.47695922851562,0.0,1304106726
2024-02-05,95.54866027832031,0.0,1635327054
2024-02-06,96.86107635498047,0.0,1699997346
2024-02-07,100.97927856445312,0.0,1733607189
2024-02-08,102.78563690185547,0.0,2288429230
2024-02-09,106.93333435058594,0.0,2852770180
2024-02-10,109.1314697265625,0.0,1836561570
2024-02-11,107.49528503417969,0.0,1370383843
2024-02-12,111.99275207519531,0.0,2650731894
2024-02-13,112.57930755615234,0.0,2709494768
2024-02-14,116.97632598876953,0.0,2391239729
2024-02-15,113.69940948486328,0.0,2471486178
2024-02-16,110.44591522216797,0.0,1921299579
2024-02-17,108.98401641845703,0.0,1370606631
2024-02-18,112.17467498779297,0.0,1516321334
2024-02-19,111.4853286743164,0.0,1898655220
2024-02-20,108.45964050292969,0.0,2656976089
2024-02-21,105.1252212524414,0.0,2246861647
2024-02-22,101.66979217529297,0.0,1830636004
2024-02-23,99.95469665527344,0.0,1483285120
2024-02-24,104.1335220336914,0.0,1083637514
2024-02-25,103.4534912109375,0.0,909662462
2024-02-26,109.91853332519531,0.0,2334408023
2024-02-27,108.3880844116211,0.0,2723995106
2024-02-28,118.05220031738281,0.0,5029492553
2024-02-29,125.71151733398438,0.0,6950123902
2024-03-01,129.9904022216797,0.0,4743077738
2024-03-02,129.70018005371094,0.0,2741772676
2024-03-03,130.45086669921875,0.0,2875614168
2024-03-04,133.194580078125,0.0,4429758300
2024-03-05,125.70671081542969,0.0,8980294607
2024-03-06,130.7420196533203,0.0,5146680159
2024-03-07,143.9778594970703,0.0,7111178325
2024-03-08,145.2400360107422,0.0,5474659974
2024-03-09,144.6072540283203,0.0,2946261381
2024-03-10,144.5151824951172,0.0,3407621981
2024-03-11,148.75096130371094,0.0,5383624184
2024-03-12,151.01544189453125,0.0,6413617983
2024-03-13,163.83981323242188,0.0,5917471836
2024-03-14,176.67974853515625,0.0,8399967972
2024-03-15,182.96469116210938,0.0,14093348410
2024-03-16,181.88034057617188,0.0,11794134069
2024-03-17,202.12356567382812,0.0,10876218562
2024-03-18,195.9927520751953,0.0,11137647410
2024-03-19,170.0162811279297,0.0,11658593922
2024-03-20,191.54962158203125,0.0,8673957460
2024-03-21,179.2207489013672,0.0,5613811275
2024-03-22,174.36370849609375,0.0,4150938142
2024-03-23,172.90225219726562,0.0,2711581881
2024-03-24,183.57345581054688,0.0,2661231893
2024-03-25,189.0835418701172,0.0,4066489821
2024-03-26,190.69985961914062,0.0,3520179571
2024-03-27,186.36146545410156,0.0,3844985014
2024-03-28,189.6216278076172,0.0,2910414256
2024-03-29,192.2279510498047,0.0,3031009580
2024-03-30,194.3855438232422,0.0,2999311846
2024-03-31,202.87413024902344,0.0,2342185476
2024-04-01,192.5678253173828,0.0,3872515434
2024-04-02,181.17225646972656,0.0,4553269015
2024-04-03,185.2486114501953,0.0,4160370221
2024-04-04,183.95811462402344,0.0,4101220964
2024-04-05,174.5015106201172,0.0,7398400404
2024-04-06,178.91534423828125,0.0,4672922789
2024-04-07,179.6498565673828,0.0,1854793003
2024-04-08,180.78477478027344,0.0,2744377905
2024-04-09,172.4136199951172,0.0,2688188866
2024-04-10,173.43736267089844,0.0,3344074648
2024-04-11,172.5763702392578,0.0,2712334365
2024-04-12,153.63546752929688,0.0,4727185451
2024-04-13,139.34169006347656,0.0,8976793985
2024-04-14,151.28494262695312,0.0,7110974218
2024-04-15,138.5086212158203,0.0,5699439234
2024-04-16,136.27932739257812,0.0,5156084639
2024-04-17,131.86618041992188,0.0,4888546522
2024-04-18,142.0823974609375,0.0,4193561506
2024-04-19,142.6804962158203,0.0,5857667913
2024-04-20,151.13356018066406,0.0,2795892211
2024-04-21,148.60931396484375,0.0,2211663291
2024-04-22,157.03121948242188,0.0,2959650502
2024-04-23,154.70130920410156,0.0,2750685937
2024-04-24,147.74514770507812,0.0,3932336720
2024-04-25,144.89212036132812,0.0,3674969172
2024-04-26,139.10433959960938,0.0,2564389027
2024-04-27,141.28916931152344,0.0,2373155947
2024-04-28,137.85641479492188,0.0,1959005342
2024-04-29,137.7766571044922,0.0,2464951751
2024-04-30,126.96270751953125,0.0,3407320371
2024-05-01,134.6279754638672,0.0,4136407963
2024-05-02,137.81448364257812,0.0,3380078368
2024-05-03,143.77255249023438,0.0,3216962298
2024-05-04,146.1350555419922,0.0,3050187811
2024-05-05,145.71302795410156,0.0,2034794725
2024-05-06,152.80239868164062,0.0,2926902880
2024-05-07,148.1343231201172,0.0,2687619013
2024-05-08,142.29473876953125,0.0,2502237557
2024-05-09,152.84994506835938,0.0,2249863780
2024-05-10,146.21690368652344,0.0,2471594251
2024-05-11,145.3143768310547,0.0,1243751505
2024-05-12,143.52081298828125,0.0,936690341
2024-05-13,147.28233337402344,0.0,2556255769
2024-05-14,142.0303955078125,0.0,2586166419
2024-05-15,158.18682861328125,0.0,3585715674
2024-05-16,159.116455078125,0.0,3498272951
2024-05-17,169.53054809570312,0.0,3371355809
2024-05-18,172.5391387939453,0.0,2479657643
2024-05-19,170.0913543701172,0.0,2300080451
2024-05-20,186.52049255371094,0.0,4636864705
2024-05-21,178.11614990234375,0.0,4568414163
2024-05-22,176.86077880859375,0.0,3833758536
2024-05-23,175.98577880859375,0.0,5117258940
2024-05-24,167.7969207763672,0.0,4013502065
2024-05-25,168.43763732910156,0.0,1875205755
2024-05-26,163.3509063720703,0.0,2543881488
2024-05-27,169.9961395263672,0.0,2745440475
2024-05-28,168.65084838867188,0.0,3342283019
2024-05-29,168.0726776123047,0.0,2852496248
2024-05-30,166.97653198242188,0.0,2932316784
2024-05-31,165.63771057128906,0.0,2415920333
2024-06-01,166.03067016601562,0.0,1058869941
2024-06-02,163.24990844726562,0.0,1562269041
2024-06-03,164.9234619140625,0.0,2182487608
2024-06-04,171.8019256591797,0.0,2057558426
2024-06-05,173.48291015625,0.0,2405906612
2024-06-06,170.01622009277344,0.0,1965442993
2024-06-07,162.50704956054688,0.0,3298527575
2024-06-08,157.96890258789062,0.0,1722237785
2024-06-09,162.08360290527344,0.0,1475878151
2024-06-10,158.9280242919922,0.0,1815361482
2024-06-11,149.42898559570312,0.0,2812642453
2024-06-12,155.1775665283203,0.0,2853692260
2024-06-13,147.31442260742188,0.0,2085097655
2024-06-14,143.0944366455078,0.0,2330458883
2024-06-15,145.41221618652344,0.0,1065293341
2024-06-16,151.12550354003906,0.0,1147997523
2024-06-17,143.3342742919922,0.0,2244770232
2024-06-18,137.50399780273438,0.0,4046511952
2024-06-19,135.60960388183594,0.0,2241396569
2024-06-20,133.47296142578125,0.0,2343938226
2024-06-21,134.5883026123047,0.0,2214701928
2024-06-22,133.6702423095703,0.0,948392979
2024-06-23,128.59042358398438,0.0,1063910411
2024-06-24,132.24139404296875,0.0,3420423301
2024-06-25,136.5592041015625,0.0,2517391150
2024-06-26,136.60914611816406,0.0,1670038554
2024-06-27,149.44837951660156,0.0,2831651846
2024-06-28,139.70339965820312,0.0,2396070692
2024-06-29,140.01014709472656,0.0,1139066175
2024-06-30,146.49249267578125,0.0,1567841881
2024-07-01,146.59506225585938,0.0,1814659116
2024-07-02,153.7004852294922,0.0,2024773533
2024-07-03,140.73141479492188,0.0,2813419415
2024-07-04,127.55081939697266,0.0,3243822145
2024-07-05,134.3693389892578,0.0,4644036182
2024-07-06,143.24118041992188,0.0,2078535871
2024-07-07,131.7740936279297,0.0,1842515124
2024-07-08,139.4636993408203,0.0,3692404575
2024-07-09,141.34844970703125,0.0,2418798702
2024-07-10,141.97479248046875,0.0,1952272010
2024-07-11,135.8832244873047,0.0,2286890972
2024-07-12,139.52801513671875,0.0,1990173458
2024-07-13,141.9249725341797,0.0,1131518484
2024-07-14,147.622314453125,0.0,2009294488
2024-07-15,159.93397521972656,0.0,2580623500
2024-07-16,160.5518798828125,0.0,3034234774
2024-07-17,155.5841064453125,0.0,2255652667
2024-07-18,159.07241821289062,0.0,2044591406
2024-07-19,169.1858673095703,0.0,3617009839
2024-07-20,173.89178466796875,0.0,1908476088
2024-07-21,184.54161071777344,0.0,3080452915
2024-07-22,178.97828674316406,0.0,2808509242
2024-07-23,172.757568359375,0.0,3230351478
2024-07-24,178.0323028564453,0.0,3112174836
2024-07-25,171.96307373046875,0.0,4067186719
2024-07-26,183.13671875,0.0,2816314095
2024-07-27,184.0854034423828,0.0,3248901126
2024-07-28,184.88607788085938,0.0,1852374783
2024-07-29,182.7805938720703,0.0,3654304391
2024-07-30,179.10719299316406,0.0,2766172800
2024-07-31,171.82615661621094,0.0,3055204208
2024-08-01,167.672119140625,0.0,4402828194
2024-08-02,152.6382293701172,0.0,4507521137
2024-08-03,142.9219970703125,0.0,3620526646
2024-08-04,138.05508422851562,0.0,4333596296
2024-08-05,129.8643035888672,0.0,14114308949
2024-08-06,144.09036254882812,0.0,5813459735
2024-08-07,144.63209533691406,0.0,5529725414
2024-08-08,162.9307403564453,0.0,5385642745
2024-08-09,156.45721435546875,0.0,3217916997
2024-08-10,153.95916748046875,0.0,1662980960
2024-08-11,141.52685546875,0.0,2411765937
2024-08-12,146.45423889160156,0.0,3380174341
2024-08-13,146.7126922607422,0.0,2224488388
2024-08-14,143.9234619140625,0.0,2714536693
2024-08-15,142.74581909179688,0.0,3032770371
2024-08-16,139.33056640625,0.0,2707615564
2024-08-17,141.7985076904297,0.0,1199702073
2024-08-18,142.58688354492188,0.0,1866239536
2024-08-19,144.34368896484375,0.0,2077549615
2024-08-20,143.16773986816406,0.0,2124392770
2024-08-21,142.70960998535156,0.0,1923259439
2024-08-22,143.2579345703125,0.0,1368400829
2024-08-23,153.10708618164062,0.0,2560976300
2024-08-24,160.73175048828125,0.0,2749419604
2024-08-25,158.90911865234375,0.0,2085078554
2024-08-26,157.23687744140625,0.0,2588808155
2024-08-27,146.8970947265625,0.0,2783392784
2024-08-28,143.89138793945312,0.0,2932401182
2024-08-29,140.0540313720703,0.0,2098251665
2024-08-30,138.09999084472656,0.0,2683385690
2024-08-31,135.37425231933594,0.0,892155699
2024-09-01,128.6905517578125,0.0,1974170865
2024-09-02,135.0023651123047,0.0,2092221241
2024-09-03,127.57758331298828,0.0,1787700523
2024-09-04,133.60391235351562,0.0,2663812153
2024-09-05,129.32894897460938,0.0,1926178088
2024-09-06,124.99007415771484,0.0,3520537699
2024-09-07,127.72156524658203,0.0,1321261949
2024-09-08,129.98951721191406,0.0,1317794291
2024-09-09,135.02561950683594,0.0,2443769044
2024-09-10,135.63522338867188,0.0,1642358500
2024-09-11,132.4973907470703,0.0,2122617674
2024-09-12,136.14190673828125,0.0,1597055803
2024-09-13,139.1005401611328,0.0,1668690414
2024-09-14,137.17977905273438,0.0,952465288
2024-09-15,131.4993896484375,0.0,1358403273
2024-09-16,131.47259521484375,0.0,1623218789
2024-09-17,131.53707885742188,0.0,1726861492
2024-09-18,133.99185180664062,0.0,2260675347
2024-09-19,142.83627319335938,0.0,2884543933
2024-09-20,146.56680297851562,0.0,3241123621
2024-09-21,149.52703857421875,0.0,1385610390
2024-09-22,144.80364990234375,0.0,1597826979
2024-09-23,144.8149871826172,0.0,2344229720
2024-09-24,152.89215087890625,0.0,2927238360
2024-09-25,148.02342224121094,0.0,2138602628
2024-09-26,155.5760955810547,0.0,3009969111
2024-09-27,157.74993896484375,0.0,2765830721
2024-09-28,156.9124298095703,0.0,1300870644
2024-09-29,158.62916564941406,0.0,1773980028
2024-09-30,152.61846923828125,0.0,2376780676
2024-10-01,145.28988647460938,0.0,3656164855
2024-10-02,140.38555908203125,0.0,2892264150
2024-10-03,136.78518676757812,0.0,2914986844
2024-10-04,143.17227172851562,0.0,2361841303
2024-10-05,142.7117462158203,0.0,1113937760
2024-10-06,146.44236755371094,0.0,1168715645
2024-10-07,143.99179077148438,0.0,2678803498
2024-10-08,143.39442443847656,0.0,1710617951
2024-10-09,139.31553649902344,0.0,1697499287
2024-10-10,138.88841247558594,0.0,1770157917
2024-10-11,145.3811492919922,0.0,1797846253
2024-10-12,146.5002899169922,0.0,1118630507
2024-10-13,147.5724334716797,0.0,1294444111
2024-10-14,157.44512939453125,0.0,2929339176
2024-10-15,154.7206268310547,0.0,3451652506
2024-10-16,154.23422241210938,0.0,2397546608
2024-10-17,150.31602478027344,0.0,2157747733
2024-10-18,154.97593688964844,0.0,1754226839
2024-10-19,159.6393585205078,0.0,1440375026
2024-10-20,166.9398193359375,0.0,2579198899
2024-10-21,166.2168731689453,0.0,3924173188
2024-10-22,167.26014709472656,0.0,3470792372
2024-10-23,170.9324951171875,0.0,3861697575
2024-10-24,177.1569366455078,0.0,3529481044
2024-10-25,164.75689697265625,0.0,4869966180
2024-10-26,170.70596313476562,0.0,2755373492
2024-10-27,176.5491943359375,0.0,2427933420
2024-10-28,178.1049041748047,0.0,3623055701
2024-10-29,179.36074829101562,0.0,3919545873
2024-10-30,174.9249725341797,0.0,2772422773
2024-10-31,168.42999267578125,0.0,2652620406
2024-11-01,166.2621307373047,0.0,3157093060
2024-11-02,166.01034545898438,0.0,1618170398
2024-11-03,162.55130004882812,0.0,2645801646
2024-11-04,157.74710083007812,0.0,2809006700
2024-11-05,166.72239685058594,0.0,3243848057
2024-11-06,186.9547882080078,0.0,9822932731
2024-11-07,196.3345947265625,0.0,4700842780
2024-11-08,199.9390106201172,0.0,5673142495
2024-11-09,200.19491577148438,0.0,3363617004
2024-11-10,210.6137237548828,0.0,8564655765
2024-11-11,222.6416778564453,0.0,10290809023
2024-11-12,212.2318115234375,0.0,11308516682
2024-11-13,215.18455505371094,0.0,11296665808
2024-11-14,209.2190704345703,0.0,8094554275
2024-11-15,218.09490966796875,0.0,6109860311
2024-11-16,215.8488311767578,0.0,4698955745
2024-11-17,237.57553100585938,0.0,9981076722
2024-11-18,239.79425048828125,0.0,8798714213
2024-11-19,238.09754943847656,0.0,6711919414
2024-11-20,235.4236602783203,0.0,6454141445
2024-11-21,257.0658874511719,0.0,10735314060
2024-11-22,256.5186767578125,0.0,7249493783
2024-11-23,255.1785125732422,0.0,6234742858
2024-11-24,252.91952514648438,0.0,5330146683
2024-11-25,234.4466094970703,0.0,6616015635
2024-11-26,230.9781951904297,0.0,6996936265
2024-11-27,242.30221557617188,0.0,5381404312
2024-11-28,237.76400756835938,0.0,4047310070
2024-11-29,243.54949951171875,0.0,4152396835
2024-11-30,237.74374389648438,0.0,3549156564
2024-12-01,237.06993103027344,0.0,3726118866
2024-12-02,225.75619506835938,0.0,7374176295
2024-12-03,234.2003173828125,0.0,8404095315
2024-12-04,229.11929321289062,0.0,6569129896
2024-12-05,233.9987030029297,0.0,8820663279
2024-12-06,237.0510711669922,0.0,6726557034
2024-12-07,238.54795837402344,0.0,4003422914
2024-12-08,236.67233276367188,0.0,3204778349
2024-12-09,217.34146118164062,0.0,8610208198
2024-12-10,213.82461547851562,0.0,8419973004
2024-12-11,227.44683837890625,0.0,5615074058
2024-12-12,227.02671813964844,0.0,4935392005
2024-12-13,224.83729553222656,0.0,4029626623
2024-12-14,219.84075927734375,0.0,2925240730
2024-12-15,223.6576690673828,0.0,2969473030
2024-12-16,216.3349609375,0.0,5071129914
2024-12-17,222.8167266845703,0.0,6445051900
2024-12-18,206.38174438476562,0.0,6888988933
2024-12-19,194.28451538085938,0.0,8043974299
2024-12-20,194.2081756591797,0.0,9600073165
2024-12-21,181.30145263671875,0.0,5368845730
2024-12-22,180.16891479492188,0.0,4001292417
2024-12-23,189.75369262695312,0.0,4922594345
2024-12-24,196.98902893066406,0.0,3412375255
2024-12-25,197.4790802001953,0.0,2688415733
2024-12-26,188.21810913085938,0.0,2864701219
2024-12-27,183.82847595214844,0.0,2788285851
2024-12-28,195.01353454589844,0.0,2158687217
2024-12-29,189.7442626953125,0.0,2165753102
2024-12-30,191.02804565429688,0.0,3246300054
2024-12-31,189.2644805908203,0.0,3276526561
2025-01-01,193.8737335205078,0.0,2324231668
2025-01-02,207.7670440673828,0.0,4230329837
2025-01-03,217.74732971191406,0.0,4064420852
2025-01-04,216.6229248046875,0.0,2432220391
2025-01-05,213.3936309814453,0.0,2403765299
2025-01-06,218.72312927246094,0.0,3408034919
2025-01-07,202.23025512695312,0.0,4360983978
2025-01-08,197.55905151367188,0.0,5028291858
2025-01-09,185.02528381347656,0.0,3815664216
2025-01-10,187.5791778564453,0.0,3739014100
2025-01-11,187.99551391601562,0.0,2174290937
2025-01-12,188.5603790283203,0.0,1544086708
2025-01-13,182.83535766601562,0.0,5225490858
2025-01-14,187.49859619140625,0.0,2748310371
2025-01-15,205.91134643554688,0.0,4071481523
2025-01-16,211.22784423828125,0.0,6099125467
2025-01-17,219.62161254882812,0.0,5118230275
2025-01-18,261.8697509765625,0.0,23186958912
2025-01-19,250.58636474609375,0.0,33172955667
2025-01-20,242.25022888183594,0.0,22690757561
2025-01-21,250.41378784179688,0.0,10694802909
2025-01-22,257.23736572265625,0.0,8880832578
2025-01-23,253.4552001953125,0.0,9264528949
2025-01-24,253.36122131347656,0.0,7483041553
2025-01-25,256.0735778808594,0.0,5035419721
2025-01-26,240.88345336914062,0.0,4178231600
2025-01-27,235.07444763183594,0.0,10736630238
2025-01-28,227.20396423339844,0.0,5105320114
2025-01-29,227.94493103027344,0.0,5385638692
2025-01-30,239.0231475830078,0.0,4636567306
2025-01-31,231.63790893554688,0.0,4043216055
2025-02-01,213.78501892089844,0.0,3546350864
2025-02-02,203.11962890625,0.0,8432593480
2025-02-03,216.1495819091797,0.0,15260840772
2025-02-04,207.09197998046875,0.0,7328632702
2025-02-05,195.98814392089844,0.0,3826498437
2025-02-06,189.77249145507812,0.0,3936545265
2025-02-07,192.20465087890625,0.0,4593806344
2025-02-08,199.5998992919922,0.0,2387525186
2025-02-09,200.49755859375,0.0,3380872965
2025-02-10,200.35635375976562,0.0,4106376694
2025-02-11,197.98236083984375,0.0,3907611299
2025-02-12,196.7738037109375,0.0,4290836657
2025-02-13,194.46095275878906,0.0,2755407329
2025-02-14,199.9356689453125,0.0,3732334277
2025-02-15,194.48208618164062,0.0,1869221857
2025-02-16,188.4864044189453,0.0,2160799161
2025-02-17,177.6897430419922,0.0,4345262539
2025-02-18,169.08428955078125,0.0,6684824301
2025-02-19,169.01080322265625,0.0,3717681436
2025-02-20,176.04888916015625,0.0,3347070717
2025-02-21,168.89163208007812,0.0,4684370707
2025-02-22,172.16285705566406,0.0,2026581266
2025-02-23,168.03811645507812,0.0,1621130854
2025-02-24,141.98948669433594,0.0,7062261489
2025-02-25,144.10775756835938,0.0,9341433919
2025-02-26,134.83132934570312,0.0,4916419994
2025-02-27,137.6208038330078,0.0,3723520943
2025-02-28,148.03001403808594,0.0,7544673033
2025-03-01,143.6757049560547,0.0,3305410077
2025-03-02,178.49549865722656,0.0,11540413390
2025-03-03,142.02108764648438,0.0,9241009702
2025-03-04,144.9165802001953,0.0,8035056091
2025-03-05,146.26730346679688,0.0,4501939048
2025-03-06,143.355224609375,0.0,4204376336
2025-03-07,139.20913696289062,0.0,6090751623
2025-03-08,136.94207763671875,0.0,2270939562
2025-03-09,126.43543243408203,0.0,3429886567
2025-03-10,118.291748046875,0.0,5519806938
2025-03-11,125.26394653320312,0.0,5259428587
2025-03-12,126.58324432373047,0.0,4112201839
2025-03-13,123.28614807128906,0.0,2871050068
2025-03-14,133.31448364257812,0.0,3161542602
2025-03-15,135.91253662109375,0.0,1844463215
2025-03-16,125.98810577392578,0.0,2456569508
2025-03-17,128.16371154785156,0.0,2487364373
2025-03-18,125.31269836425781,0.0,2534317858
2025-03-19,135.572509765625,0.0,3539287974
2025-03-20,127.49718475341797,0.0,2469659459
2025-03-21,128.43031311035156,0.0,2370317364
2025-03-22,128.4849853515625,0.0,1442831196
2025-03-23,132.5993194580078,0.0,1711242607
2025-03-24,140.86927795410156,0.0,4207560020
2025-03-25,143.81707763671875,0.0,3585353324
2025-03-26,137.28857421875,0.0,3083070981
2025-03-27,138.34738159179688,0.0,2660348034
2025-03-28,129.42315673828125,0.0,3532896573
2025-03-29,124.587646484375,0.0,2253256988
2025-03-30,124.64263153076172,0.0,1639017444
2025-03-31,124.69412994384766,0.0,3206702485
2025-04-01,126.68238067626953,0.0,2993289339
2025-04-02,117.75762939453125,0.0,5399672438
2025-04-03,117.06145477294922,0.0,4633002432
2025-04-04,122.78688049316406,0.0,5182517335
2025-04-05,120.25899505615234,0.0,1667996329
2025-04-06,105.7120132446289,0.0,3822458629
2025-04-07,106.90277862548828,0.0,8644174246
2025-04-08,105.51219177246094,0.0,5353641480
2025-04-09,119.05754089355469,0.0,7096350476
2025-04-10,112.80392456054688,0.0,4310698523
2025-04-11,121.53237915039062,0.0,3953610468
2025-04-12,132.26055908203125,0.0,4089397536
2025-04-13,128.58079528808594,0.0,3818650340
2025-04-14,129.3103790283203,0.0,4425565001
2025-04-15,126.26313018798828,0.0,3272094237
2025-04-16,131.44969177246094,0.0,4448562334
2025-04-17,134.69874572753906,0.0,3504448606
2025-04-18,134.07350158691406,0.0,2142264993
2025-04-19,139.75025939941406,0.0,2522912658
2025-04-20,137.77459716796875,0.0,2796023398
2025-04-21,136.7043914794922,0.0,4162691832
2025-04-22,148.73941040039062,0.0,4659792312
2025-04-23,151.15272521972656,0.0,4699152180
2025-04-24,152.3036346435547,0.0,3903057847
2025-04-25,150.91500854492188,0.0,4411923686
2025-04-26,149.28936767578125,0.0,2128235815
2025-04-27,148.24583435058594,0.0,2015737709
2025-04-28,147.8099365234375,0.0,3819502747
2025-04-29,146.42787170410156,0.0,2872743502
2025-04-30,147.64320373535156,0.0,3017472875
2025-05-01,150.84658813476562,0.0,3224541533
2025-05-02,148.05003356933594,0.0,2823970426
2025-05-03,146.79605102539062,0.0,1567415096
2025-05-04,143.98306274414062,0.0,1636835620
2025-05-05,146.69664001464844,0.0,2238980623
2025-05-06,146.7664031982422,0.0,2728680947
2025-05-07,147.2137451171875,0.0,4316881378
2025-05-08,163.96078491210938,0.0,6372889923
2025-05-09,172.82827758789062,0.0,7452318987
2025-05-10,177.62181091308594,0.0,4012477696
2025-05-11,173.02645874023438,0.0,4025374577
2025-05-12,174.24789428710938,0.0,6940951587
2025-05-13,184.00625610351562,0.0,5170161208
2025-05-14,176.709228515625,0.0,4610872279
2025-05-15,169.00999450683594,0.0,4347587992
2025-05-16,167.33395385742188,0.0,3495576096
2025-05-17,165.9308319091797,0.0,2783616834
2025-05-18,173.89871215820312,0.0,3866092629
2025-05-19,166.86422729492188,0.0,4498613127
2025-05-20,168.4836883544922,0.0,3787047019
2025-05-21,173.68173217773438,0.0,5254974027
2025-05-22,179.69094848632812,0.0,4913432701
2025-05-23,173.82542419433594,0.0,7488253558
2025-05-24,176.0424041748047,0.0,3002798120
2025-05-25,175.72547912597656,0.0,3395309315
2025-05-26,174.90789794921875,0.0,2872898398
2025-05-27,176.815185546875,0.0,3737068836
2025-05-28,172.18955993652344,0.0,3454599629
2025-05-29,166.5881805419922,0.0,3480369993
2025-05-30,156.23471069335938,0.0,4458908034
2025-05-31,156.63894653320312,0.0,2817151487
2025-06-01,157.7845458984375,0.0,2554572841
2025-06-02,156.99806213378906,0.0,3070599881
2025-06-03,155.34317016601562,0.0,3739800274
2025-06-04,153.35964965820312,0.0,2694510572
2025-06-05,144.54295349121094,0.0,4691163987
2025-06-06,147.9131317138672,0.0,2780168622
2025-06-07,150.13406372070312,0.0,1895979261
2025-06-08,152.4300994873047,0.0,1928262265
2025-06-09,161.08865356445312,0.0,3689102023
2025-06-10,165.02816772460938,0.0,4891108456
2025-06-11,161.0558624267578,0.0,5292694830
2025-06-12,152.7896728515625,0.0,3655760294
2025-06-13,148.62835693359375,0.0,6346327306
2025-06-14,144.7637481689453,0.0,2159011897
2025-06-15,152.81439208984375,0.0,3600058127
2025-06-16,150.8699951171875,0.0,4629439778
2025-06-17,147.7498016357422,0.0,4505742897
2025-06-18,146.35311889648438,0.0,3507323344
2025-06-19,147.07147216796875,0.0,2754965137
2025-06-20,140.16859436035156,0.0,4112242022
2025-06-21,135.1610107421875,0.0,3335622844
2025-06-22,131.61569213867188,0.0,4990284543
2025-06-23,144.8467254638672,0.0,5742740781
2025-06-24,145.95452880859375,0.0,3709899362
2025-06-25,143.505126953125,0.0,3095794422
2025-06-26,139.0598602294922,0.0,3480832173
2025-06-27,142.1914825439453,0.0,3327165986
2025-06-28,150.8275604248047,0.0,2847495210
2025-06-29,153.35308837890625,0.0,2462940245
2025-06-30,154.7353057861328,0.0,4752163067
2025-07-01,146.9266357421875,0.0,3599415509
2025-07-02,152.22763061523438,0.0,3941952132
2025-07-03,152.40179443359375,0.0,3748228101
2025-07-04,147.76364135742188,0.0,3575641174
2025-07-05,147.64144897460938,0.0,1579874806
2025-07-06,151.87294006347656,0.0,2921512526
2025-07-07,148.87234497070312,0.0,3661294298
2025-07-08,151.81039428710938,0.0,3885408944
2025-07-09,157.28150939941406,0.0,4759358090
2025-07-10,164.06277465820312,0.0,5703252463
2025-07-11,162.8833770751953,0.0,7095844188
2025-07-12,160.68484497070312,0.0,3795297694
2025-07-13,161.1940155029297,0.0,3865898680
2025-07-14,162.2752227783203,0.0,7130680773
2025-07-15,163.950439453125,0.0,6533486768
2025-07-16,173.70848083496094,0.0,8415349750
2025-07-17,175.7930450439453,0.0,7913250794
2025-07-18,177.38197326660156,0.0,8439352014
2025-07-19,177.07012939453125,0.0,4074891432
2025-07-20,181.54603576660156,0.0,6503778374
2025-07-21,195.9942626953125,0.0,11211509986
2025-07-22,205.70054626464844,0.0,14508715185
2025-07-23,189.54293823242188,0.0,10671351702
2025-07-24,182.60606384277344,0.0,8921891799
2025-07-25,186.7796630859375,0.0,8613557362
2025-07-26,184.91387939453125,0.0,3756183776
2025-07-27,188.73348999023438,0.0,4713357652
2025-07-28,182.54156494140625,0.0,7456216270
2025-07-29,181.33531188964844,0.0,5430304723
2025-07-30,177.6940155029297,0.0,6074764559
2025-07-31,172.42434692382812,0.0,5443530167
2025-08-01,162.87709045410156,0.0,8200357157
2025-08-02,158.48301696777344,0.0,4455060056
2025-08-03,161.95497131347656,0.0,3702562222
2025-08-04,169.42568969726562,0.0,4977909460
2025-08-05,164.096435546875,0.0,4979304041
2025-08-06,168.1757354736328,0.0,3851544154
2025-08-07,175.4854278564453,0.0,5177005321
2025-08-08,176.76329040527344,0.0,6565011386
2025-08-09,180.18234252929688,0.0,5297615193
2025-08-10,182.90301513671875,0.0,6719478867
2025-08-11,174.97781372070312,0.0,7353962794
2025-08-12,191.85682678222656,0.0,8611505118
2025-08-13,201.59042358398438,0.0,11831412257
2025-08-14,192.58595275878906,0.0,14664456934
2025-08-15,185.7412567138672,0.0,7685764515
2025-08-16,189.76699829101562,0.0,3716008732
2025-08-17,191.16482543945312,0.0,4221788171
2025-08-18,183.0698699951172,0.0,6328028844
2025-08-19,176.11227416992188,0.0,5990636025
2025-08-20,187.5863037109375,0.0,6283111574
2025-08-21,180.28062438964844,0.0,5379108039
2025-08-22,200.64744567871094,0.0,10256417346
2025-08-23,203.93673706054688,0.0,7845395369
2025-08-24,205.8523712158203,0.0,11456987571
2025-08-25,187.2784423828125,0.0,13048248034
2025-08-26,195.90509033203125,0.0,8032115173
2025-08-27,202.92337036132812,0.0,12883119559
2025-08-28,214.4056396484375,0.0,12079041801
2025-08-29,205.22000122070312,0.0,14055051455
2025-08-30,202.86013793945312,0.0,5828701739
2025-08-31,200.86354064941406,0.0,5028997406
2025-09-01,197.10833740234375,0.0,7253329838
2025-09-02,209.48153686523438,0.0,8625200488
2025-09-03,210.74630737304688,0.0,6966454259
2025-09-04,202.5601806640625,0.0,5241887525
2025-09-05,203.49851989746094,0.0,7780086538
2025-09-06,200.24630737304688,0.0,3057210360
2025-09-07,206.4681854248047,0.0,4153166545
2025-09-08,214.1864013671875,0.0,10019366594
2025-09-09,217.2506866455078,0.0,8798692220
2025-09-10,223.98690795898438,0.0,9070263027
2025-09-11,228.7561798095703,0.0,9580815361
2025-09-12,242.30328369140625,0.0,13008621197
2025-09-13,242.5959014892578,0.0,7478581447
2025-09-14,240.5576934814453,0.0,9358190854
2025-09-15,234.35755920410156,0.0,10017744936
2025-09-16,236.9895782470703,0.0,7521208086
2025-09-17,244.85745239257812,0.0,10420751509
2025-09-18,247.6371307373047,0.0,9258651570
2025-09-19,238.55270385742188,0.0,7513642552
2025-09-20,239.5924835205078,0.0,3518711912
2025-09-21,236.57545471191406,0.0,3513052984
2025-09-22,220.49644470214844,0.0,12102727916
2025-09-23,213.71730041503906,0.0,7373425460
2025-09-24,211.75625610351562,0.0,8377116522
2025-09-25,192.38076782226562,0.0,12314273479
2025-09-26,205.35255432128906,0.0,10334548744
2025-09-27,203.5833282470703,0.0,4016294139
2025-09-28,210.7377471923828,0.0,4467879569
2025-09-29,213.05340576171875,0.0,6886600486
2025-09-30,208.7431182861328,0.0,6873718512
2025-10-01,221.67587280273438,0.0,8264703260
2025-10-02,234.85687255859375,0.0,9665302715
2025-10-03,233.00196838378906,0.0,9289248668
2025-10-04,228.00320434570312,0.0,4553115834
2025-10-05,228.6011962890625,0.0,7132874650
2025-10-06,232.5160369873047,0.0,7521265450
2025-10-07,220.4827117919922,0.0,9339230314
2025-10-08,229.10121154785156,0.0,7198664384
2025-10-09,220.99107360839844,0.0,7901186012
2025-10-10,188.6638641357422,0.0,16784427014
2025-10-11,178.05416870117188,0.0,12850012618
2025-10-12,197.508544921875,0.0,11797041281
2025-10-13,208.36729431152344,0.0,11469454798
2025-10-14,202.46034240722656,0.0,13600198608
2025-10-15,194.02186584472656,0.0,9867608882
2025-10-16,184.68894958496094,0.0,10042886154
2025-10-17,182.0347900390625,0.0,10401735741
2025-10-18,187.66029357910156,0.0,4108902789
2025-10-19,187.79820251464844,0.0,4863227045
2025-10-20,189.75067138671875,0.0,6103945646
2025-10-21,185.66627502441406,0.0,8186574439
2025-10-22,180.14813232421875,0.0,7337365275
2025-10-23,191.38827514648438,0.0,6358339771
2025-10-24,193.5602264404297,0.0,5855077941
2025-10-25,194.04037475585938,0.0,3170047006
2025-10-26,200.02862548828125,0.0,4753310567
2025-10-27,198.74171447753906,0.0,6714497027
2025-10-28,194.4427947998047,0.0,8093133805
2025-10-29,194.41087341308594,0.0,8057327834
2025-10-30,184.62442016601562,0.0,8688393422
2025-10-31,187.20947265625,0.0,5699604751
2025-11-01,186.3800506591797,0.0,2742470897
2025-11-02,187.8259735107422,0.0,3213989849
2025-11-03,166.0906982421875,0.0,10083921329
2025-11-04,155.40318298339844,0.0,11720472283
2025-11-05,162.56607055664062,0.0,7278004532
2025-11-06,155.06591796875,0.0,5543550041
2025-11-07,161.7081756591797,0.0,6565811742
2025-11-08,158.10250854492188,0.0,3777278818
2025-11-09,164.45384216308594,0.0,4538025398
2025-11-10,167.36700439453125,0.0,5424364139
2025-11-11,154.56832885742188,0.0,6202061657
2025-11-12,153.2620391845703,0.0,5979682267
2025-11-13,145.1084747314453,0.0,7354986019
2025-11-14,138.67660522460938,0.0,8170562276
2025-11-15,139.5352020263672,0.0,3449336899
2025-11-16,137.26573181152344,0.0,4722106857
2025-11-17,130.8482666015625,0.0,7330608944
2025-11-18,140.71438598632812,0.0,7400753648
2025-11-19,136.76695251464844,0.0,6005404886
2025-11-20,133.51715087890625,0.0,8497498957
2025-11-21,128.50050354003906,0.0,10081815694
2025-11-22,127.55120086669922,0.0,3490973210
2025-11-23,130.70506286621094,0.0,3820042054
2025-11-24,138.37135314941406,0.0,6046925667
2025-11-25,138.89114379882812,0.0,4512057787
2025-11-26,143.01219177246094,0.0,5361639551
2025-11-27,140.84640502929688,0.0,3419017564
2025-11-28,137.39019775390625,0.0,4865188881
2025-11-29,136.0817108154297,0.0,2428334173
2025-11-30,133.5648193359375,0.0,3123775023
2025-12-01,126.70902252197266,0.0,6212210725
2025-12-02,138.67420959472656,0.0,6173683503
2025-12-03,144.89849853515625,0.0,5809364566
2025-12-04,139.0145263671875,0.0,4304817495
2025-12-05,133.322998046875,0.0,4557254539
2025-12-06,132.34844970703125,0.0,2061286212
2025-12-07,132.09356689453125,0.0,3824892147
2025-12-08,133.27822875976562,0.0,4710407082
2025-12-09,137.901611328125,0.0,5869893316
2025-12-10,136.46902465820312,0.0,5949930252
2025-12-11,136.37156677246094,0.0,5833676784
2025-12-12,132.3242950439453,0.0,5282060650
2025-12-13,133.24746704101562,0.0,2024059188
2025-12-14,129.48109436035156,0.0,2489001258
2025-12-15,127.75711822509766,0.0,5120043768
2025-12-16,129.25120544433594,0.0,3918682307
2025-12-17,123.11980438232422,0.0,5452646038
2025-12-18,119.57015228271484,0.0,5835673225
2025-12-19,126.1927490234375,0.0,5045203467
2025-12-20,125.80903625488281,0.0,1703857955
2025-12-21,125.99150085449219,0.0,2335972346
2025-12-22,125.80123138427734,0.0,3657779407
2025-12-23,123.85721588134766,0.0,3084149409
2025-12-24,122.45860290527344,0.0,2313559221
2025-12-25,119.9471206665039,0.0,2194207451
2025-12-26,122.19595336914062,0.0,3779508002
2025-12-27,124.64771270751953,0.0,1711358748
2025-12-28,125.19935607910156,0.0,2003713687
2025-12-29,123.12522888183594,0.0,4871847248
2025-12-30,124.93132019042969,0.0,3096711898
2025-12-31,124.48446655273438,0.0,3627228070
2026-01-01,126.76112365722656,0.0,2461653813
2026-01-02,132.1336669921875,0.0,4508641946
2026-01-03,133.29847717285156,0.0,2477037555
2026-01-04,133.8996124267578,0.0,2982580991
2026-01-05,137.98997497558594,0.0,5200675282
2026-01-06,142.86825561523438,0.0,5537205248
